nsec, read_slat_ns_count, read_slat_ns_cumulative, read_slat_ns_percentile, read_clat_ns_count, read_clat_ns_cumulative, read_clat_ns_percentile, read_lat_ns_count, read_lat_ns_cumulative, read_lat_ns_percentile, write_slat_ns_count, write_slat_ns_cumulative, write_slat_ns_percentile, write_clat_ns_count, write_clat_ns_cumulative, write_clat_ns_percentile, write_lat_ns_count, write_lat_ns_cumulative, write_lat_ns_percentile, trim_slat_ns_count, trim_slat_ns_cumulative, trim_slat_ns_percentile, trim_clat_ns_count, trim_clat_ns_cumulative, trim_clat_ns_percentile, trim_lat_ns_count, trim_lat_ns_cumulative, trim_lat_ns_percentile, 
588, , , , 90, 90, 8.785347602039372e-05, , , , , , , , , , , , , , , , , , , , , , 
596, , , , 218, 308, 0.00030065411793645853, , , , , , , , , , , , , , , , , , , , , , 
604, , , , 605, 913, 0.0008912247067402163, , , , , , , , , , , , , , , , , , , , , , 
612, , , , 2868, 3781, 0.0036908221425900963, , , , , , , , , , , , , , , , , , , , , , 
620, , , , 5675, 9456, 0.0092304718805427, 4, 4, 3.904598934239721e-06, , , , , , , , , , , , , , , , , , , 
628, , , , 7657, 17113, 0.016704850390411086, 63, 67, 6.540203214851533e-05, , , , , , , , , , , , , , , , , , , 
636, , , , 8997, 26110, 0.02548726954324978, 479, 546, 0.000532977754523722, , , , , , , , , , , , , , , , , , , 
644, , , , 8951, 35061, 0.03422478580834471, 1721, 2267, 0.002212931445980362, , , , , , , , , , , , , , , , , , , 
652, , , , 8189, 43250, 0.04221847597646698, 3359, 5626, 0.0054918184010081675, , , , , , , , , , , , , , , , , , , 
660, , , , 7391, 50641, 0.049433198657208424, 5847, 11473, 0.011199365893133079, , , , , , , , , , , , , , , , , , , 
668, , , , 7435, 58076, 0.05669087192622651, 8170, 19643, 0.01917450921631771, , , , , , , , , , , , , , , , , , , 
676, , , , 7114, 65190, 0.06363520113077185, 9216, 28859, 0.028170705160806025, , , , , , , , , , , , , , , , , , , 
684, , , , 7765, 72955, 0.07121500381186471, 10026, 38885, 0.037957582389477884, , , , , , , , , , , , , , , , , , , 
692, , , , 7795, 80750, 0.07882409098496436, 8686, 47571, 0.04643641897517944, , , , , , , , , , , , , , , , , , , 
700, , , , 7493, 88243, 0.08613838093852892, 7943, 55514, 0.054189976308845964, , , , , , , , , , , , , , , , , , , 
708, , , , 7560, 95803, 0.093518072924242, 7423, 62937, 0.06143593578106133, , , , , , , , , , , , , , , , , , , 
716, , , , 7977, 103780, 0.10130481934884956, 7050, 69987, 0.06831779140265884, , , , , , , , , , , , , , , , , , , 
724, , , , 9331, 113111, 0.11041327251269727, 7431, 77418, 0.07557156007274268, , , , , , , , , , , , , , , , , , , 
732, , , , 10074, 123185, 0.12024700492858001, 6740, 84158, 0.0821508092769366, , , , , , , , , , , , , , , , , , , 
740, , , , 10678, 133863, 0.13067033178353293, 6391, 90549, 0.08838938222411812, , , , , , , , , , , , , , , , , , , 
748, , , , 10958, 144821, 0.14136698056388267, 6399, 96948, 0.09463576436916811, , , , , , , , , , , , , , , , , , , 
756, , , , 10833, 155654, 0.1519416106275374, 6314, 103262, 0.10079917378686551, , , , , , , , , , , , , , , , , , , 
764, , , , 11619, 167273, 0.1632834943817702, 7124, 110386, 0.10775326448874646, , , , , , , , , , , , , , , , , , , 
772, , , , 11219, 178492, 0.17423491824257906, 7661, 118047, 0.11523154759754908, , , , , , , , , , , , , , , , , , , 
780, , , , 11036, 189528, 0.18500770670214645, 8680, 126727, 0.12370452728484928, , , , , , , , , , , , , , , , , , , 
788, , , , 10313, 199841, 0.19507473890435, 9343, 136070, 0.1328246942454997, , , , , , , , , , , , , , , , , , , 
796, , , , 9055, 208896, 0.2039137747417352, 10005, 146075, 0.1425910723297668, , , , , , , , , , , , , , , , , , , 
804, , , , 8605, 217501, 0.21231354319901838, 11135, 157210, 0.15346049961295663, , , , , , , , , , , , , , , , , , , 
812, , , , 7192, 224693, 0.21933401208278142, 11659, 168869, 0.16484142935653184, , , , , , , , , , , , , , , , , , , 
820, , , , 6287, 230980, 0.22547106545767268, 11929, 180798, 0.17648591952816828, , , , , , , , , , , , , , , , , , , 
828, , , , 5282, 236262, 0.23062708835033624, 11385, 192183, 0.18759938424474806, , , , , , , , , , , , , , , , , , , 
836, , , , 4429, 240691, 0.23495045552027316, 10192, 202375, 0.19754830232919088, , , , , , , , , , , , , , , , , , , 
844, , , , 3983, 244674, 0.23883845990904237, 9396, 211771, 0.20672020522572, , , , , , , , , , , , , , , , , , , 
852, , , , 3697, 248371, 0.24244728547401342, 8046, 219817, 0.2145743059819432, , , , 2, 2, 1.9550724354337327e-06, , , , , , , , , , , , , 
860, , , , 3427, 251798, 0.2457925506109233, 6770, 226587, 0.22118283967814392, , , , 23, 25, 2.443840544292166e-05, , , , , , , , , , , , , 
868, , , , 3174, 254972, 0.24889084986524254, 5681, 232268, 0.22672834631449787, , , , 125, 150, 0.00014663043265752997, , , , , , , , , , , , , 
876, , , , 2922, 257894, 0.25174315938670466, 4509, 236777, 0.2311298054631196, , , , 308, 458, 0.0004477115877143248, , , , , , , , , , , , , 
884, , , , 3232, 261126, 0.25489807532557035, 4023, 240800, 0.2350568558412312, , , , 366, 824, 0.0008054898433986979, , , , , , , , , , , , , 
892, , , , 3060, 264186, 0.25788509351026373, 3330, 244130, 0.23830743445398578, , , , 368, 1192, 0.0011652231715185049, , , , , , , , , , , , , 
900, , , , 3210, 267396, 0.2610185341549911, 2906, 247036, 0.24114412557971093, , , , 204, 1396, 0.0013646405599327454, 3, 3, 2.932608653150599e-06, , , , , , , , , , 
908, , , , 3079, 270475, 0.2640240991846221, 2516, 249552, 0.24360011830934772, , , , 109, 1505, 0.001471192007663884, 48, 51, 4.985434710356019e-05, , , , , , , , , , 
916, , , , 2753, 273228, 0.26671143940111264, 2096, 251648, 0.24564612815088932, , , , 50, 1555, 0.0015200688185497272, 115, 166, 0.0001622710121409998, , , , , , , , , , 
924, , , , 2904, 276132, 0.26954617822737065, 1817, 253465, 0.24741979221676771, , , , 35, 1590, 0.0015542825861698177, 265, 431, 0.00042131810983596943, , , , , , , , , , 
932, , , , 2895, 279027, 0.27237213170602664, 1747, 255212, 0.24912512580129692, , , , 19, 1609, 0.0015728557743064382, 284, 715, 0.0006989383956675594, , , , , , , , , , 
940, , , , 3038, 282065, 0.2753376745965817, 1610, 256822, 0.2506967268723284, , , , 7, 1616, 0.001579698527830456, 331, 1046, 0.0010225028837318423, , , , , , , , , , 
948, , , , 2993, 285058, 0.2782592907491266, 1494, 258316, 0.25215509457426694, , , , 11, 1627, 0.0015904514262253416, 235, 1281, 0.0012522238948953059, , , , , , , , , , 
956, , , , 2914, 287972, 0.2811037910727202, 1528, 259844, 0.25364665136714654, , , , 6, 1633, 0.0015963166435316429, 149, 1430, 0.001397876791335119, , , , , , , , , , 
964, , , , 3339, 291311, 0.28436315503307685, 1636, 261480, 0.2552436323312506, , , , 6, 1639, 0.001602181860837944, 83, 1513, 0.0014790122974056188, , , , , , , , , , 
972, , , , 3393, 294704, 0.2876752310790457, 1816, 263296, 0.2570163202473954, , , , 26, 1665, 0.0016275978024985825, 61, 1574, 0.0015386420066863477, , , , , , , , , , 
980, , , , 3390, 298094, 0.29098437867581384, 1927, 265223, 0.25889736078396536, , , , 42, 1707, 0.0016686543236426909, 19, 1593, 0.0015572151948229681, , , , , , , , , , 
988, , , , 3252, 301346, 0.29415881760935075, 2114, 267337, 0.26096094132071107, , , , 57, 1764, 0.0017243738880525522, 19, 1612, 0.0015757883829595886, , , , , , , , , , 
996, , , , 2849, 304195, 0.29693986820026297, 2257, 269594, 0.26316411126935585, , , , 51, 1815, 0.0017742282351561126, 9, 1621, 0.0015845862089190405, , , , , , , , , , 
1004, , , , 2621, 306816, 0.29949835665192354, 2359, 271953, 0.2654668484908237, , , , 111, 1926, 0.0018827347553226847, 13, 1634, 0.0015972941797493597, , , , , , , , , , 
1012, , , , 2170, 308986, 0.3016166015737486, 2430, 274383, 0.2678388923433743, , , , 191, 2117, 0.0020694441729066063, 14, 1648, 0.0016109796867973959, , , , , , , , , , 
1020, , , , 1784, 310770, 0.30335805269841953, 2584, 276967, 0.2703612632548932, , , , 207, 2324, 0.0022717941699739977, 20, 1668, 0.0016305304111517331, , , , , , , , , , 
1032, , , , 2332, 313102, 0.3056344338770813, 5308, 282275, 0.2755426660406293, , , , 380, 2704, 0.002643257932706407, 86, 1754, 0.0017145985258753837, , , , , , , , , , 
1048, , , , 1411, 314513, 0.3070117811511343, 5701, 287976, 0.28110769567165445, , , , 430, 3134, 0.003063598506324659, 186, 1940, 0.0018964202623707209, , , , , , , , , , 
1064, , , , 837, 315350, 0.307828818478124, 6203, 294179, 0.2871627524689267, , , , 13811, 16945, 0.0165643512092123, 379, 2319, 0.002266906488885413, , , , , , , , , , 
1080, , , , 577, 315927, 0.3083920568743881, 6018, 300197, 0.2930372215654904, , , , 42234, 59179, 0.057849615828266435, 377, 2696, 0.002635437642964672, , , , , , , , , , 
1096, , , , 471, 316398, 0.3088518233988948, 5396, 305593, 0.29830452552777975, , , , 30887, 90066, 0.08804277698488729, 748, 3444, 0.0033666347338168878, , , , , , , , , , 
1112, , , , 432, 316830, 0.3092735200837927, 3919, 309512, 0.3021300563336011, , , , 17578, 107644, 0.10522590861991436, 16807, 20251, 0.019796085944984262, , , , , , , , , , 
1128, , , , 422, 317252, 0.309685455271355, 2450, 311962, 0.30452162318082293, , , , 13062, 120706, 0.11799448669573208, 39873, 60124, 0.05877338755400888, , , , , , , , , , 
1144, , , , 370, 317622, 0.31004663067277216, 1528, 313490, 0.30601317997370253, , , , 9878, 130584, 0.12765058945433927, 28413, 88537, 0.0865481241079982, , , , , , , , , , 
1160, , , , 334, 317956, 0.31037266468378116, 849, 314339, 0.3068419310974949, , , , 6748, 137332, 0.13424700385149269, 17515, 106052, 0.10366967096130912, , , , , , , , , , 
1176, , , , 342, 318298, 0.3107065078926587, 606, 314945, 0.3074334778360322, , , , 4797, 142129, 0.1389362450878805, 12187, 118239, 0.11558290484662456, , , , , , , , , , 
1192, , , , 309, 318607, 0.3110081381603287, 485, 315430, 0.3079069104568088, , , , 3319, 145448, 0.14218068779448279, 9096, 127335, 0.12447457428297719, , , , , , , , , , 
1208, , , , 319, 318926, 0.3113195299253343, 415, 315845, 0.30831201259623614, , , , 2404, 147852, 0.14453068486187412, 7116, 134451, 0.1314307220082504, , , , , , , , , , 
1224, , , , 272, 319198, 0.31158504265286263, 359, 316204, 0.30866245035058415, , , , 1947, 149799, 0.14643394787776887, 5380, 139831, 0.13668986685956716, , , , , , , , , , 
1240, , , , 270, 319468, 0.31184860308092377, 345, 316549, 0.30899922200866237, , , , 1680, 151479, 0.14807620872353322, 3808, 143639, 0.14041232477663299, , , , , , , , , , 
1256, , , , 235, 319703, 0.3120779982683104, 311, 316860, 0.3093028045757995, , , , 1721, 153200, 0.14975854855422394, 2781, 146420, 0.14313085299810357, , , , , , , , , , 
1272, , , , 221, 319924, 0.3122937273594271, 310, 317170, 0.30960541099320305, , , , 1861, 155061, 0.15157774345539501, 2097, 148517, 0.14518074644665585, , , , , , , , , , 
1288, , , , 229, 320153, 0.31251726564841237, 291, 317461, 0.309889470565669, , , , 2176, 157237, 0.15370486226514693, 1743, 150260, 0.14688459207413634, , , , , , , , , , 
1304, , , , 235, 320388, 0.31274666083579894, 290, 317751, 0.3101725539884014, , , , 2453, 159690, 0.1561027586072064, 1534, 151794, 0.14838413263211403, , , , , , , , , , 
1320, , , , 239, 320627, 0.31297996062211975, 257, 318008, 0.31042342446992627, , , , 5327, 165017, 0.16131009403898414, 1590, 153384, 0.14993841521828383, , , , , , , , , , 
1336, , , , 207, 320834, 0.3131820236169667, 221, 318229, 0.31063915356104305, , , , 12614, 177631, 0.1736407358892647, 1783, 155167, 0.15168136229447302, , , , , , , , , , 
1352, , , , 188, 321022, 0.3133655397668759, 211, 318440, 0.31084512115482416, , , , 15669, 193300, 0.1889577508846703, 2223, 157390, 0.1538544253064576, , , , , , , , , , 
1368, , , , 216, 321238, 0.31357638810932487, 209, 318649, 0.31104913644913823, , , , 18119, 211419, 0.20666972961348218, 5736, 163126, 0.15946157305128156, , , , , , , , , , 
1384, , , , 194, 321432, 0.3137657611576355, 201, 318850, 0.3112453425455837, , , , 21372, 232791, 0.22756163365852705, 12901, 176027, 0.17207276779604685, , , , , , , , , , 
1400, , , , 190, 321622, 0.3139512296070119, 231, 319081, 0.3114708331340361, , , , 20562, 253353, 0.24766173336722125, 15247, 191274, 0.1869772625075759, , , , , , , , , , 
1416, , , , 175, 321797, 0.3141220558103849, 207, 319288, 0.311672896128883, , , , 24166, 277519, 0.27128487360456705, 17207, 208481, 0.20379772820583003, , , , , , , , , , 
1432, , , , 188, 321985, 0.31430557196029413, 175, 319463, 0.311843722332256, , , , 25765, 303284, 0.2964710942540421, 20102, 228583, 0.22344816125437447, , , , , , , , , , 
1448, , , , 143, 322128, 0.3144451613721932, 194, 319657, 0.3120330953805666, , , , 24326, 327610, 0.32025064028622263, 20999, 249582, 0.24397544429021095, , , , , , , , , , 
1464, , , , 180, 322308, 0.31462086832423397, 199, 319856, 0.312227349177545, , , , 20254, 347864, 0.34004965883986, 23330, 272912, 0.26678136424954546, , , , , , , , , , 
1480, , , , 139, 322447, 0.3147565531371988, 161, 320017, 0.31238450928464817, , , , 16026, 363890, 0.3557156542649905, 24119, 297031, 0.29035856028465856, , , , , , , , , , 
1496, , , , 141, 322588, 0.3148941902496308, 182, 320199, 0.3125621685361561, , , , 13200, 377090, 0.36861913233885313, 22813, 319844, 0.3126590940194334, , , , , , , , , , 
1512, , , , 122, 322710, 0.31501328051712507, 151, 320350, 0.31270956714592363, , , , 11019, 388109, 0.3793906039218753, 18476, 338320, 0.33072005317797026, , , , , , , , , , 
1528, , , , 120, 322830, 0.3151304184851523, 170, 320520, 0.31287551260062885, , , , 9852, 397961, 0.38902129073882186, 14539, 352859, 0.34493245224735575, , , , , , , , , , 
1544, , , , 98, 322928, 0.31522608115904116, 161, 320681, 0.313032672707732, , , , 9339, 407300, 0.39815050147607967, 11518, 364377, 0.3561917144030186, , , , , , , , , , 
1560, , , , 102, 323030, 0.3153256484318643, 144, 320825, 0.3131732382693646, , , , 9198, 416498, 0.40714187960663945, 9486, 373863, 0.36546462296428084, , , , , , , , , , 
1576, , , , 99, 323129, 0.3154222872554867, 121, 320946, 0.31329135238712535, , , , 9865, 426363, 0.4167852743944163, 8865, 382728, 0.37413048153434086, , , , , , , , , , 
1592, , , , 89, 323218, 0.3155091645817735, 116, 321062, 0.3134045857562183, , , , 10400, 436763, 0.4269516510586717, 8384, 391112, 0.3823261451836791, , , , , , , , , , 
1608, , , , 96, 323314, 0.31560287495619527, 114, 321176, 0.31351586682584415, , , , 10697, 447460, 0.43740835597958905, 8810, 399922, 0.39093823926176463, , , , , , , , , , 
1624, , , , 89, 323403, 0.31568975228248214, 119, 321295, 0.3136320286441378, , , , 10395, 457855, 0.44756984496275587, 9849, 409771, 0.40056599347005806, , , , , , , , , , 
1640, , , , 56, 323459, 0.3157444166675615, 104, 321399, 0.313733548216428, , , , 9610, 467465, 0.45696396801501493, 10314, 420085, 0.41064830201958985, , , , , , , , , , 
1656, , , , 66, 323525, 0.31580884254997643, 110, 321509, 0.3138409246871196, , , , 8954, 476419, 0.46571682730845176, 10900, 430985, 0.42130344679270365, , , , , , , , , , 
1672, , , , 77, 323602, 0.31588400607946054, 99, 321608, 0.31393756351074203, , , , 8488, 484907, 0.47401415472443253, 10524, 441509, 0.43159103794795595, , , , , , , , , , 
1688, , , , 60, 323662, 0.3159425750634741, 99, 321707, 0.31403420233436447, , , , 8689, 493596, 0.4825079669201744, 10540, 452049, 0.44189426968269174, , , , , , , , , , 
1704, , , , 59, 323721, 0.31600016789775415, 90, 321797, 0.3141220558103849, , , , 8788, 502384, 0.4910985552014702, 10043, 462092, 0.4517116659172222, , , , , , , , , , 
1720, , , , 57, 323778, 0.3160558084325671, 66, 321863, 0.31418648169279983, , , , 8316, 510700, 0.49922774638800366, 9567, 471659, 0.4610637549121195, , , , , , , , , , 
1736, , , , 54, 323832, 0.31610852051817934, 80, 321943, 0.31426457367148464, , , , 7981, 518681, 0.507029462941602, 9534, 481193, 0.4703835852118321, , , , , , , , , , 
1752, , , , 60, 323892, 0.3161670895021929, 61, 322004, 0.31432411880523176, , , , 6907, 525588, 0.5137813055973723, 9026, 490219, 0.47920682711294454, , , , , , , , , , 
1768, , , , 54, 323946, 0.31621980158780516, 69, 322073, 0.3143914731368474, , , , 6285, 531873, 0.5199251207257228, 8826, 499045, 0.4878345617705136, , , , , , , , , , 
1784, , , , 52, 323998, 0.31627056137395027, 79, 322152, 0.31446858896579866, , , , 5867, 537740, 0.5256603257150677, 8304, 507349, 0.4959520225224345, , , , , , , , , , 
1800, , , , 48, 324046, 0.31631741656116114, 54, 322206, 0.31452130105141085, , , , 5918, 543658, 0.5314453850515162, 7320, 514669, 0.503107587636122, , , , , , , , , , 
1816, , , , 39, 324085, 0.31635548640077, 53, 322259, 0.31457303698728956, , , , 6772, 550430, 0.5380652603178948, 6609, 521278, 0.5095681244990127, , , , , , , , , , 
1832, , , , 46, 324131, 0.3164003892885137, 44, 322303, 0.3146159875755662, , , , 7693, 558123, 0.5455854464407907, 5821, 527099, 0.5152583628223426, , , , , , , , , , 
1848, , , , 46, 324177, 0.3164452921762575, 59, 322362, 0.3146735804098462, , , , 9000, 567123, 0.5543832724002424, 5460, 532559, 0.5205957105710767, , , , , , , , , , 
1864, , , , 43, 324220, 0.3164872666148006, 56, 322418, 0.31472824479492556, , , , 9192, 576315, 0.5633687853134959, 5346, 537905, 0.525821619190991, , , , , , , , , , 
1880, , , , 27, 324247, 0.3165136226576067, 49, 322467, 0.31477607613187003, , , , 8485, 584800, 0.5716631801208235, 5936, 543841, 0.5316242741793583, , , , , , , , , , 
1896, , , , 49, 324296, 0.31656145399455116, 50, 322517, 0.314824883618548, , , , 7575, 592375, 0.5790680169700287, 7294, 551135, 0.5387544233513851, , , , , , , , , , 
1912, , , , 42, 324338, 0.31660245228336065, 43, 322560, 0.3148668580570911, , , , 6120, 598495, 0.5850505386224559, 8421, 559556, 0.5469862558407789, , , , , , , , , , 
1928, , , , 45, 324383, 0.3166463790213708, 46, 322606, 0.31491176094483486, , , , 5074, 603569, 0.5900105573911514, 9391, 568947, 0.556166298461358, , , , , , , , , , 
1944, , , , 29, 324412, 0.31667468736364407, 43, 322649, 0.31495373538337795, , , , 4127, 607696, 0.5940448493616689, 9275, 578222, 0.5652329468806819, , , , , , , , , , 
1960, , , , 41, 324453, 0.31671470950272, 48, 322697, 0.3150005905705888, , , , 3775, 611471, 0.59773504858355, 8319, 586541, 0.5733650706758685, , , , , , , , , , 
1976, , , , 31, 324484, 0.3167449701444604, 37, 322734, 0.31503670811073053, , , , 3750, 615221, 0.6014008093999883, 7064, 593605, 0.5802703865178205, , , , , , , , , , 
1992, , , , 40, 324524, 0.3167840161338028, 34, 322768, 0.31506989720167156, , , , 4298, 619519, 0.6056022600637354, 5606, 599211, 0.5857504545543413, , , , , , , , , , 
2008, , , , 30, 324554, 0.3168133006258096, 43, 322811, 0.31511187164021465, , , , 5496, 625015, 0.6109747991163073, 4466, 603677, 0.5901161313026647, , , , , , , , , , 
2024, , , , 26, 324580, 0.31683868051888214, 39, 322850, 0.31514994147982345, , , , 7181, 632196, 0.6179944866957321, 3776, 607453, 0.5938073080607637, , , , , , , , , , 
2040, , , , 28, 324608, 0.31686601271142184, 48, 322898, 0.3151967966670344, , , , 8887, 641083, 0.6266818510625819, 3246, 610699, 0.5969803906234726, , , , , , , , , , 
2064, , , , 51, 324659, 0.3169157963478334, 63, 322961, 0.31525829410024864, , , , 22984, 664067, 0.6491495434905863, 6948, 617647, 0.6037723122641694, , , , , , , , , , 
2096, , , , 56, 324715, 0.31697046073291274, 65, 323026, 0.31532174383293005, , , , 26855, 690922, 0.6754012786173728, 11590, 629237, 0.6151019570275079, , , , , , , , , , 
2128, , , , 41, 324756, 0.3170104828719887, 65, 323091, 0.3153851935656114, , , , 25448, 716370, 0.7002776202858316, 17792, 647029, 0.6324942814131264, , , , , , , , , , 
2160, , , , 33, 324789, 0.31704269581319616, 60, 323151, 0.31544376254962503, , , , 21980, 738350, 0.7217638663512483, 22358, 669387, 0.65435003616884, , , , , , , , , , 
2192, , , , 42, 324831, 0.3170836941020057, 53, 323204, 0.3154954984855037, , , , 19545, 757895, 0.7408698117265244, 23671, 693058, 0.677489295978416, , , , , , , , , , 
2224, , , , 32, 324863, 0.3171149308934796, 48, 323252, 0.31554235367271455, , , , 18171, 776066, 0.7586326223386577, 23050, 716108, 0.7000215057967898, , , , , , , , , , 
2256, , , , 36, 324899, 0.31715007228388775, 47, 323299, 0.3155882327101919, , , , 17552, 793618, 0.7757903380320241, 21167, 737275, 0.7207130149172026, , , , , , , , , , 
2288, , , , 22, 324921, 0.31717154757802607, 45, 323344, 0.31563215944820205, , , , 16817, 810435, 0.7922295646053686, 18676, 755951, 0.7389694813192829, , , , , , , , , , 
2320, , , , 25, 324946, 0.3171959513213651, 46, 323390, 0.31567706233594583, , , , 15527, 825962, 0.8074077694578584, 17507, 773458, 0.7560832078828521, , , , , , , , , , 
2352, , , , 19, 324965, 0.3172144981663027, 38, 323428, 0.3157141560258211, , , , 13299, 839261, 0.820408023617275, 17769, 791227, 0.7734530489354631, , , , , , , , , , 
2384, , , , 16, 324981, 0.3172301165620397, 35, 323463, 0.3157483212664957, , , , 10828, 850089, 0.8309927857827133, 17148, 808375, 0.7902158399968718, , , , , , , , , , 
2416, , , , 14, 324995, 0.31724378265830955, 28, 323491, 0.3157756534590354, , , , 8497, 858586, 0.8392989110246535, 15991, 824366, 0.8058476216543823, , , , , , , , , , 
2448, , , , 12, 325007, 0.31725549645511225, 34, 323525, 0.31580884254997643, , , , 6563, 865149, 0.8457144812215293, 12798, 837164, 0.8183581301687227, , , , , , , , , , 
2480, , , , 13, 325020, 0.3172681864016485, 27, 323552, 0.31583519859278253, , , , 5144, 870293, 0.8507429275254648, 9795, 846959, 0.8279330974212594, , , , , , , , , , 
2512, , , , 12, 325032, 0.31727990019845126, 18, 323570, 0.3158527692879866, , , , 3959, 874252, 0.8546129934114058, 7592, 854551, 0.835354552386166, , , , , , , , , , 
2544, , , , 16, 325048, 0.3172955185941882, 15, 323585, 0.31586741153399, , , , 3071, 877323, 0.8576150071360144, 5948, 860499, 0.8411689378091458, , , , , , , , , , 
2576, , , , 10, 325058, 0.3173052800915238, 21, 323606, 0.3158879106783948, , , , 2365, 879688, 0.8599268802909148, 4999, 865498, 0.8460556413615125, , , , , , , , , , 
2608, , , , 5, 325063, 0.3173101608401916, 12, 323618, 0.3158996244751975, , , , 1942, 881630, 0.861825255625721, 3928, 869426, 0.8498954036247043, , , , , , , , , , 
2640, , , , 7, 325070, 0.3173169938883265, 20, 323638, 0.3159191474698687, , , , 1587, 883217, 0.8633766056032376, 3241, 872667, 0.8530635985063246, , , , , , , , , , 
2672, , , , 4, 325074, 0.31732089848726075, 11, 323649, 0.31592988511693787, , , , 1439, 884656, 0.8647832802205322, 2604, 875271, 0.8556091028172593, , , , , , , , , , 
2704, , , , 2, 325076, 0.3173228507867279, 11, 323660, 0.31594062276400703, , , , 1238, 885894, 0.8659934700580657, 2053, 877324, 0.8576159846722321, , , , , , , , , , 
2736, , , , 2, 325078, 0.317324803086195, 7, 323667, 0.31594745581214195, , , , 1104, 886998, 0.867072670042425, 1779, 879103, 0.8593550216035504, , , , , , , , , , 
2768, , , , 3, 325081, 0.3173277315353957, 20, 323687, 0.3159669788068131, , , , 1129, 888127, 0.8681763084322274, 1426, 880529, 0.8607489882500147, , , , , , , , , , 
2800, , , , 4, 325085, 0.3173316361343299, 11, 323698, 0.3159777164538823, , , , 1071, 889198, 0.8692232497214022, 1276, 881805, 0.8619963244638214, , , , , , , , , , 
2832, , , , 3, 325088, 0.3173345645835306, 12, 323710, 0.315989430250685, , , , 1055, 890253, 0.8702545504310935, 1090, 882895, 0.8630618389411328, , , , , , , , , , 
2864, , , , 3, 325091, 0.3173374930327313, 8, 323718, 0.3159972394485535, , , , 952, 891205, 0.8711851649103599, 1089, 883984, 0.8641263758822264, , , , , , , , , , 
2896, , , , 1, 325092, 0.31733846918246483, 5, 323723, 0.3160021201972213, , , , 853, 892058, 0.8720190033040724, 1040, 885024, 0.865143013548652, , , , , , , , , , 
2928, , , , 2, 325094, 0.317340421481932, 4, 323727, 0.3160060247961555, , , , 769, 892827, 0.8727707286554967, 1009, 886033, 0.8661293475923283, , , , , , , , , , 
2960, , , , 5, 325099, 0.31734530223059976, 6, 323733, 0.3160118816945569, , , , 720, 893547, 0.8734745547322529, 966, 886999, 0.8670736475786428, , , , , , , , , , 
2992, , , , 2, 325101, 0.3173472545300669, 4, 323737, 0.31601578629349114, , , , 662, 894209, 0.8741216837083814, 922, 887921, 0.8679749359713778, , , , , , , , , , 
3024, , , , 3, 325104, 0.31735018297926754, 2, 323739, 0.31601773859295823, , , , 634, 894843, 0.8747414416704139, 754, 888675, 0.8687119982795363, , , , , , , , , , 
3056, , , , 4, 325108, 0.31735408757820177, 6, 323745, 0.3160235954913596, , , , 607, 895450, 0.875334806154568, 751, 889426, 0.8694461279790416, , , , , , , , , , 
3088, , , , 2, 325110, 0.3173560398776689, 5, 323750, 0.3160284762400274, , , , 587, 896037, 0.8759086199143679, 704, 890130, 0.8701343134763143, , , , , , , , , , 
3120, , , , 2, 325112, 0.31735799217713606, , , , , , , 564, 896601, 0.8764599503411601, 616, 890746, 0.8707364757864279, , , , , , , , , , 
3152, , , , , , , , , , , , , 556, 897157, 0.8770034604782108, 599, 891345, 0.8713220199808402, , , , , , , , , , 
3184, , , , 1, 325113, 0.3173589683268696, 1, 323751, 0.316029452389761, , , , 521, 897678, 0.8775127568476412, 555, 891900, 0.8718645525816732, , , , , , , , , , 
3216, , , , , , , 1, 323752, 0.31603042853949453, , , , 531, 898209, 0.8780318285792489, 572, 892472, 0.8724237032982072, , , , , , , , , , 
3248, , , , , , , 1, 323753, 0.3160314046892281, , , , 526, 898735, 0.878546012629768, 536, 893008, 0.8729476627109034, , , , , , , , , , 
3280, , , , 1, 325114, 0.31735994447660315, , , , , , , 538, 899273, 0.8790719271148996, 537, 893545, 0.8734725996598174, , , , , , , , , , 
3312, , , , , , , , , , , , , 500, 899773, 0.879560695223758, 455, 894000, 0.8739173786388785, , , , , , , , , , 
3344, , , , , , , 1, 323754, 0.3160323808389616, , , , 449, 900222, 0.8799996089855129, 514, 894514, 0.874419832254785, , , , , , , , , , 
3376, , , , 3, 325117, 0.31736287292580384, 1, 323755, 0.3160333569886952, , , , 515, 900737, 0.8805030401376371, 494, 895008, 0.8749027351463372, , , , , , , , , , 
3408, , , , , , , 6, 323761, 0.31603921388709655, , , , 521, 901258, 0.8810123365070676, 520, 895528, 0.87541105397955, , , , , , , , , , 
3440, , , , 1, 325118, 0.3173638490755374, 3, 323764, 0.31604214233629724, , , , 548, 901806, 0.8815480263543765, 454, 895982, 0.8758548554223934, , , , , , , , , , 
3472, , , , 2, 325120, 0.31736580137500453, 2, 323766, 0.3160440946357644, , , , 556, 902362, 0.882091536491427, 492, 896474, 0.8763358032415101, , , , , , , , , , 
3504, , , , 1, 325121, 0.3173667775247381, 4, 323770, 0.3160479992346986, , , , 577, 902939, 0.8826555748890497, 496, 896970, 0.8768206612054976, , , , , , , , , , 
3536, , , , 5, 325126, 0.31737165827340585, 1, 323771, 0.31604897538443216, , , , 549, 903488, 0.8831922422725762, 489, 897459, 0.8772986764159613, , , , , , , , , , 
3568, , , , 5, 325131, 0.3173765390220737, 4, 323775, 0.3160528799833664, , , , 540, 904028, 0.8837201118301433, 517, 897976, 0.8778040626405208, , , , , , , , , , 
3600, , , , 6, 325137, 0.317382395920475, 4, 323779, 0.31605678458230063, , , , 526, 904554, 0.8842342958806624, 552, 898528, 0.8783436626327006, , , , , , , , , , 
3632, , , , 3, 325140, 0.3173853243696757, 5, 323784, 0.31606166533096847, , , , 530, 905084, 0.8847523900760523, 559, 899087, 0.8788901053784043, , , , , , , , , , 
3664, , , , 14, 325154, 0.31739899046594555, 4, 323788, 0.3160655699299027, , , , 502, 905586, 0.8852431132573462, 551, 899638, 0.8794287278343662, , , , , , , , , , 
3696, , , , 9, 325163, 0.31740777581354757, 4, 323792, 0.31606947452883694, , , , 520, 906106, 0.885751432090559, 514, 900152, 0.8799311814502727, , , , , , , , , , 
3728, , , , 18, 325181, 0.31742534650875165, 10, 323802, 0.31607923602617255, , , , 481, 906587, 0.8862216270112808, 516, 900668, 0.8804355901386146, , , , , , , , , , 
3760, , , , 12, 325193, 0.3174370603055544, 9, 323811, 0.31608802137377456, , , , 457, 907044, 0.8866683610627774, 481, 901149, 0.8809057850593365, , , , , , , , , , 
3792, , , , 16, 325209, 0.31745267870129135, 15, 323826, 0.31610266361977796, , , , 474, 907518, 0.8871317132299752, 509, 901658, 0.8814033509941543, , , , , , , , , , 
3824, , , , 20, 325229, 0.3174722016959626, 16, 323842, 0.31611828201551495, , , , 434, 907952, 0.8875559639484643, 471, 902129, 0.8818637705526989, , , , , , , , , , 
3856, , , , 24, 325253, 0.317495629289568, 21, 323863, 0.31613878115991967, , , , 461, 908413, 0.8880066081448318, 473, 902602, 0.882326145183679, , , , , , , , , , 
3888, , , , 31, 325284, 0.31752588993130837, 28, 323891, 0.31616611335245937, , , , 381, 908794, 0.8883790494437819, 450, 903052, 0.8827660364816516, , , , , , , , , , 
3920, , , , 49, 325333, 0.3175737212682528, 34, 323925, 0.3161993024434004, , , , 406, 909200, 0.8887759291481749, 423, 903475, 0.8831795343017459, , , , , , , , , , 
3952, , , , 90, 325423, 0.3176615747442732, 41, 323966, 0.31623932458247633, , , , 391, 909591, 0.8891581458093022, 430, 903905, 0.8835998748753642, , , , , , , , , , 
3984, , , , 104, 325527, 0.3177630943165634, 59, 324025, 0.3162969174167564, , , , 391, 909982, 0.8895403624704296, 401, 904306, 0.8839918668986686, , , , , , , , , , 
4016, , , , 186, 325713, 0.31794465816700557, 83, 324108, 0.31637793784464185, , , , 402, 910384, 0.8899333320299517, 405, 904711, 0.8843877690668439, , , , , , , , , , 
4048, , , , 208, 325921, 0.31814769731158604, 112, 324220, 0.3164872666148006, , , , 375, 910759, 0.8902999081115955, 401, 905112, 0.8847797610901484, , , , , , , , , , 
4080, , , , 239, 326160, 0.31838099709790685, 145, 324365, 0.31662880832616674, , , , 344, 911103, 0.8906361805704901, 397, 905509, 0.885167842968582, , , , , , , , , , 
4128, , , , 603, 326763, 0.3189696153872435, 442, 324807, 0.31706026650840025, , , , 749, 911852, 0.8913683551975601, 785, 906294, 0.8859352088994897, , , , , , , , , , 
4192, , , , 604, 327367, 0.3195592098263137, 638, 325445, 0.3176830500384115, , , , 732, 912584, 0.8920839117089289, 722, 907016, 0.8866409900486814, , , , , , , , , , 
4256, , , , 490, 327857, 0.32003752319575807, 705, 326150, 0.31837123560057123, , , , 762, 913346, 0.892828794306829, 737, 907753, 0.8873614342411387, , , , , , , , , , 
4320, , , , 518, 328375, 0.3205431687577421, 564, 326714, 0.31892178405029903, , , , 804, 914150, 0.8936147334258734, 709, 908462, 0.8880545074194999, , , , , , , , , , 
4384, , , , 830, 329205, 0.32135337303659683, 573, 327287, 0.3194811178476289, , , , 790, 914940, 0.8943869870378698, 744, 909206, 0.8887817943654812, , , , , , , , , , 
4448, , , , 1574, 330779, 0.32288983271722016, 755, 328042, 0.3202181108964666, , , , 811, 915751, 0.8951797689104382, 785, 909991, 0.889549160296389, , , , , , , , , , 
4512, , , , 2302, 333081, 0.3251369294038751, 1369, 329411, 0.32155445988171016, , , , 847, 916598, 0.8960077420868443, 872, 910863, 0.8904015718782381, , , , , , , , , , 
4576, , , , 2405, 335486, 0.32748456951308674, 2125, 331536, 0.32362877806552504, , , , 1025, 917623, 0.8970097167100041, 864, 911727, 0.8912461631703454, , , , , , , , , , 
4640, , , , 2250, 337736, 0.3296809064135966, 2488, 334024, 0.32605743860262215, , , , 1238, 918861, 0.8982199065475376, 905, 912632, 0.8921308334473792, , , , , , , , , , 
4704, , , , 2063, 339799, 0.33169470331393075, 2281, 336305, 0.32828403614487234, , , , 1428, 920289, 0.8996158282664373, 1112, 913744, 0.8932178537214803, , , , , , , , , , 
4768, , , , 1900, 341699, 0.3335493878076946, 2136, 338441, 0.33036909197575637, , , , 1633, 921922, 0.9012121449099689, 1376, 915120, 0.8945629435570588, , , , , , , , , , 
4832, , , , 1709, 343408, 0.33521762770234853, 2107, 340548, 0.3324258394643671, , , , 1992, 923914, 0.903159397055661, 1556, 916676, 0.8960839899118263, , , , , , , , , , 
4896, , , , 1740, 345148, 0.3369161282387428, 1846, 342394, 0.33422781187251877, , , , 2357, 926271, 0.9054634499208196, 1727, 918403, 0.8977721949598233, , , , , , , , , , 
4960, , , , 1595, 346743, 0.3384730870637709, 1799, 344193, 0.33598390524319305, , , , 2693, 928964, 0.9080959549551311, 2134, 920537, 0.899858257248431, , , , , , , , , , 
5024, , , , 1270, 348013, 0.339712797225392, 1604, 345797, 0.3375496494158232, , , , 3170, 932134, 0.9111947447652936, 2652, 923189, 0.9024506832978162, , , , , , , , , , 
5088, , , , 1316, 349329, 0.3409974102747569, 1324, 347121, 0.3388420716630565, , , , 3737, 935871, 0.9148477976109015, 3117, 926306, 0.9054976636884396, , , , , , , , , , 
5152, , , , 1472, 350801, 0.3424343026825571, 1317, 348438, 0.34012766086215496, , , , 4383, 940254, 0.9191323388531545, 3685, 929991, 0.9090998846507263, , , , , , , , , , 
5216, , , , 1193, 351994, 0.3435988493146941, 1480, 349918, 0.3415723624678237, , , , 4930, 945184, 0.9239515924064987, 4043, 934034, 0.9130520635789556, , , , , , , , , , 
5280, , , , 913, 352907, 0.3444900740214343, 1304, 351222, 0.3428452617203858, , , , 4955, 950139, 0.9287952843652857, 4615, 938649, 0.9175633932237189, , , , , , , , , , 
5344, , , , 534, 353441, 0.3450113379791553, 1059, 352281, 0.34387900428822576, , , , 4648, 954787, 0.9333388727052337, 5053, 943702, 0.9225028837318423, , , , , , , , , , 
5408, , , , 263, 353704, 0.34526806535908156, 643, 352924, 0.3445066685669048, , , , 4830, 959617, 0.9380603726368062, 5151, 948853, 0.9275381727893018, , , , , , , , , , 
5472, , , , 223, 353927, 0.3454857467496654, 326, 353250, 0.34482489338004535, , , , 5348, 964965, 0.943288236329156, 5060, 953913, 0.9324845060509492, , , , , , , , , , 
5536, , , , 281, 354208, 0.3457600448247958, 241, 353491, 0.3450601454658333, , , , 5761, 970726, 0.9489198224794229, 5185, 959098, 0.9375530313398112, , , , , , , , , , 
5600, , , , 451, 354659, 0.3462002883546313, 267, 353758, 0.3453207774446938, , , , 5823, 976549, 0.9546120158751882, 5505, 964603, 0.9429343682183425, , , , , , , , , , 
5664, , , , 515, 355174, 0.34670300546741467, 438, 354196, 0.34574833102799307, , , , 5062, 981611, 0.959560304209271, 5880, 970483, 0.9486822811785177, , , , , , , , , , 
5728, , , , 537, 355711, 0.3472271978743363, 512, 354708, 0.3462481196915757, , , , 4223, 985834, 0.9636884396566893, 5765, 976248, 0.9543177774736554, , , , , , , , , , 
5792, , , , 2111, 357822, 0.34928784996188134, 676, 355384, 0.34690799691146224, , , , 3865, 989699, 0.967466617138165, 5051, 981299, 0.9592553129093433, , , , , , , , , , 
5856, , , , 9269, 367091, 0.35833578184224835, 2822, 358206, 0.34966269145956835, , , , 3555, 993254, 0.9709417583921485, 4272, 985571, 0.9634313476314298, , , , , , , , , , 
5920, , , , 18216, 385307, 0.376117325388776, 10978, 369184, 0.3603788632345893, , , , 3237, 996491, 0.9741060431288979, 3885, 989456, 0.9672290758372598, , , , , , , , , , 
5984, , , , 21640, 406947, 0.3972412056230129, 19164, 388348, 0.37908579672853177, , , , 2894, 999385, 0.9769350329429706, 3518, 992974, 0.9706680482511877, , , , , , , , , , 
6048, , , , 20845, 427792, 0.41758904681906966, 22030, 410378, 0.40059037535885705, , , , 2477, 1001862, 0.9793563901542552, 3299, 996273, 0.9738929402334356, , , , , , , , , , 
6112, , , , 16265, 444057, 0.4334661222354219, 20595, 430973, 0.4206941791215238, , , , 2119, 1003981, 0.9814277893995973, 2835, 999108, 0.9766642554106629, , , , , , , , , , 
6176, , , , 13153, 457210, 0.4463054196809357, 16049, 447022, 0.43636040619542715, , , , 1803, 1005784, 0.9831902872001408, 2476, 1001584, 0.97908463508573, , , , , , , , , , 
6240, , , , 15390, 472600, 0.46132836408042305, 14937, 461959, 0.4509411547656118, , , , 1626, 1007410, 0.9847797610901484, 2071, 1003655, 0.9811091125926216, , , , , , , , , , 
6304, , , , 14933, 487533, 0.47590520805167347, 16564, 478523, 0.4671100989522985, , , , 1368, 1008778, 0.9861170306359851, 1807, 1005462, 0.982875520538036, , , , , , , , , , 
6368, , , , 9845, 497378, 0.485515402178571, 13304, 491827, 0.4800967950075798, , , , 1314, 1010092, 0.9874015132260651, 1584, 1007046, 0.9844239379068994, , , , , , , , , , 
6432, , , , 4916, 502294, 0.4903141542687516, 7343, 499170, 0.4872646625011104, , , , 1079, 1011171, 0.9884562748049815, 1409, 1008455, 0.9858012864376625, , , , , , , , , , 
6496, , , , 3763, 506057, 0.4939874057161376, 3255, 502425, 0.49044202988384794, , , , 781, 1011952, 0.9892197305910184, 1179, 1009634, 0.9869538016383507, , , , , , , , , , 
6560, , , , 6146, 512203, 0.49998682197859695, 2744, 505169, 0.4931205847527364, , , , 669, 1012621, 0.989873702320671, 944, 1010578, 0.9878765958278755, , , , , , , , , , 
6624, , , , 9853, 522056, 0.5096048253033629, 4799, 509968, 0.4978051273240905, , , , 521, 1013142, 0.9903829986901015, 781, 1011359, 0.9886400516139123, , , , , , , , , , 
6688, , , , 14880, 536936, 0.5241299333387347, 9189, 519157, 0.5067749672257726, , , , 333, 1013475, 0.9907085182506011, 617, 1011976, 0.9892431914602436, , , , , , , , , , 
6752, , , , 20159, 557095, 0.5438081358175694, 16007, 535164, 0.5224001960108665, , , , 284, 1013759, 0.9909861385364328, 484, 1012460, 0.9897163189896185, , , , , , , , , , 
6816, , , , 21321, 578416, 0.5646206242868006, 21921, 557085, 0.5437983743202337, , , , 244, 1014003, 0.9912246573735557, 344, 1012804, 0.9900525914485132, , , , , , , , , , 
6880, , , , 18064, 596480, 0.5822537930738272, 22959, 580044, 0.5662097960530361, , , , 287, 1014290, 0.9915052102680404, 300, 1013104, 0.9903458523138282, , , , , , , , , , 
6944, , , , 11583, 608063, 0.5935605354376519, 17954, 597998, 0.5837355883693711, , , , 254, 1014544, 0.9917535044673406, 263, 1013367, 0.9906029443390878, , , , , , , , , , 
7008, , , , 6410, 614473, 0.599817655229771, 10856, 608854, 0.5943326698768978, , , , 245, 1014789, 0.9919930008406811, 273, 1013640, 0.9908698117265244, , , , , , , , , , 
7072, , , , 3593, 618066, 0.6033249612224518, 5801, 614655, 0.599995314481279, , , , 213, 1015002, 0.9922012160550548, 277, 1013917, 0.9911405892588321, , , , , , , , , , 
7136, , , , 2064, 620130, 0.6053397342725195, 3381, 618036, 0.603295676730445, , , , 228, 1015230, 0.9924240943126943, 259, 1014176, 0.9913937711392207, , , , , , , , , , 
7200, , , , 1316, 621446, 0.6066243473218844, 2003, 620039, 0.6052509046467656, , , , 286, 1015516, 0.9927036696709614, 223, 1014399, 0.9916117617157716, , , , , , , , , , 
7264, , , , 817, 622263, 0.6074218616542029, 1281, 621320, 0.6065013524554559, , , , 392, 1015908, 0.9930868638683064, 281, 1014680, 0.99188644939295, , , , , , , , , , 
7328, , , , 568, 622831, 0.607976314702865, 834, 622154, 0.6073154613332449, , , , 517, 1016425, 0.9935922500928659, 355, 1015035, 0.9922334747502395, , , , , , , , , , 
7392, , , , 413, 623244, 0.6083794645428251, 574, 622728, 0.6078757712803082, , , , 571, 1016996, 0.9941504232731823, 501, 1015536, 0.9927232203953157, , , , , , , , , , 
7456, , , , 361, 623605, 0.6087318545966403, 418, 623146, 0.6082838018689363, , , , 437, 1017433, 0.9945776066003246, 556, 1016092, 0.9932667305323662, , , , , , , , , , 
7520, , , , 327, 623932, 0.6090510555595143, 355, 623501, 0.60863033502435, , , , 324, 1017757, 0.9948943283348648, 552, 1016644, 0.9938063305245459, , , , , , , , , , 
7584, , , , 317, 624249, 0.6093604950250529, 349, 623850, 0.6089710112813624, , , , 260, 1018017, 0.9951484877514712, 400, 1017044, 0.9941973450116327, , , , , , , , , , 
7648, , , , 330, 624579, 0.6096826244371276, 319, 624169, 0.609282403046368, , , , 187, 1018204, 0.9953312870241843, 344, 1017388, 0.9945336174705273, , , , , , , , , , 
7712, , , , 371, 624950, 0.6100447759882784, 330, 624499, 0.6096045324584428, , , , 169, 1018373, 0.9954964906449784, 283, 1017671, 0.9948102602201412, , , , , , , , , , 
7776, , , , 529, 625479, 0.6105611591973316, 372, 624871, 0.6099676601593271, , , , 152, 1018525, 0.9956450761500714, 236, 1017907, 0.9950409587675223, , , , , , , , , , 
7840, , , , 709, 626188, 0.6112532493584256, 556, 625427, 0.6105103994111865, , , , 141, 1018666, 0.9957829087567694, 193, 1018100, 0.9952296232575417, , , , , , , , , , 
7904, , , , 825, 627013, 0.6120585728886125, 655, 626082, 0.6111497774866682, , , , 133, 1018799, 0.9959129210737258, 174, 1018274, 0.9953997145594244, , , , , , , , , , 
7968, , , , 847, 627860, 0.6128853717129378, 755, 626837, 0.611886770535506, , , , 122, 1018921, 0.9960321804922873, 155, 1018429, 0.9955512326731706, , , , , , , , , , 
8032, , , , 756, 628616, 0.613623340911509, 801, 627638, 0.6126686664720875, , , , 122, 1019043, 0.9961514399108486, 135, 1018564, 0.9956832000625623, , , , , , , , , , 
8096, , , , 606, 629222, 0.6142148876500464, 734, 628372, 0.6133851603765205, , , , 113, 1019156, 0.9962619015034507, 120, 1018684, 0.9958005044086884, , , , , , , , , , 
8160, , , , 590, 629812, 0.6147908159928468, 623, 628995, 0.6139933016605283, , , , 143, 1019299, 0.9964016891825842, 123, 1018807, 0.9959207413634675, , , , , , , , , , 
8256, , , , 993, 630805, 0.6157601326782718, 1158, 630153, 0.6151236830519907, , , , 279, 1019578, 0.9966744217873272, 286, 1019093, 0.9962003167217346, , , , , , , , , , 
8384, , , , 703, 631508, 0.6164463659409645, 911, 631064, 0.6160129554592638, , , , 246, 1019824, 0.9969148956968855, 270, 1019363, 0.9964642515005181, , , , , , , , , , 
8512, , , , 534, 632042, 0.6169676298986854, 632, 631696, 0.6166298820908737, , , , 215, 1020039, 0.9971250659836947, 243, 1019606, 0.9967017928014233, , , , , , , , , , 
8640, , , , 551, 632593, 0.6175054884018769, 461, 632157, 0.6170798871180448, , , , 150, 1020189, 0.9972716964163523, 200, 1019806, 0.9968973000449667, , , , , , , , , , 
8768, , , , 2627, 635220, 0.6200698337519389, 846, 633003, 0.6179057097926365, , , , 146, 1020335, 0.9974144167041389, 159, 1019965, 0.9970527283035836, , , , , , , , , , 
8896, , , , 8419, 643639, 0.6282880383587799, 4693, 637696, 0.6224867804922333, , , , 122, 1020457, 0.9975336761227004, 148, 1020113, 0.9971974036638057, , , , , , , , , , 
9024, , , , 15464, 659103, 0.6433832178385507, 13693, 651389, 0.6358531987938694, , , , 125, 1020582, 0.9976558681499149, 127, 1020240, 0.9973215507634557, , , , , , , , , , 
9152, , , , 19440, 678543, 0.6623595686589557, 19905, 671294, 0.6552834592403798, , , , 104, 1020686, 0.9977575319165575, 134, 1020374, 0.9974525406166298, , , , , , , , , , 
9280, , , , 17540, 696083, 0.6794812349855969, 17929, 689223, 0.6727848478133758, , , , 75, 1020761, 0.9978308471328863, 109, 1020483, 0.997559092064361, , , , , , , , , , 
9408, , , , 17250, 713333, 0.6963198178895057, 15896, 705119, 0.6883017239780445, , , , 105, 1020866, 0.9979334884357466, 93, 1020576, 0.9976500029326086, , , , , , , , , , 
9536, , , , 15907, 729240, 0.7118474317012435, 15957, 721076, 0.7038781452764602, , , , 103, 1020969, 0.9980341746661714, 111, 1020687, 0.9977585094527752, , , , , , , , , , 
9664, , , , 13273, 742513, 0.7248038671147845, 14794, 735870, 0.7183193044347459, , , , 85, 1021054, 0.9981172652446774, 107, 1020794, 0.9978631058280709, , , , , , , , , , 
9792, , , , 10986, 753499, 0.7355278480876739, 12313, 748183, 0.7303386361040692, , , , 63, 1021117, 0.9981788500263935, 93, 1020887, 0.9979540166963186, , , , , , , , , , 
9920, , , , 8407, 761906, 0.7437343388977122, 9170, 757353, 0.7392899291608138, , , , 60, 1021177, 0.9982375021994565, 76, 1020963, 0.9980283094488651, , , , , , , , , , 
10048, , , , 8031, 769937, 0.751573797407932, 7699, 765052, 0.7468053059594917, , , , 79, 1021256, 0.9983147275606561, 75, 1021038, 0.9981016246651938, , , , , , , , , , 
10176, , , , 16008, 785945, 0.7672000023427593, 12288, 777340, 0.7588002338854761, , , , 80, 1021336, 0.9983929304580734, 87, 1021125, 0.9981866703161352, , , , , , , , , , 
10304, , , , 26875, 812820, 0.7934340264321825, 24269, 801609, 0.7824904117692421, , , , 75, 1021411, 0.9984662456744022, 74, 1021199, 0.9982590079962462, , , , , , , , , , 
10432, , , , 25095, 837915, 0.817930503995869, 27049, 828658, 0.8088942859123046, , , , 53, 1021464, 0.9985180550939412, 83, 1021282, 0.9983401435023168, , , , , , , , , , 
10560, , , , 18016, 855931, 0.8355168175956846, 20299, 848957, 0.8287091493538377, , , , 45, 1021509, 0.9985620442237385, 71, 1021353, 0.9984095485737746, , , , , , , , , , 
10688, , , , 11202, 867133, 0.8464516469110229, 13503, 862460, 0.8418900992060975, , , , 52, 1021561, 0.9986128761070597, 56, 1021409, 0.9984642906019668, , , , , , , , , , 
10816, , , , 7009, 874142, 0.8532934803935446, 7840, 870300, 0.8495431131172073, , , , 49, 1021610, 0.9986607753817279, 52, 1021461, 0.9985151224852881, , , , , , , , , , 
10944, , , , 7812, 881954, 0.8609191621121147, 6712, 877012, 0.8560950301288616, , , , 31, 1021641, 0.9986910790044771, 50, 1021511, 0.9985639992961739, , , , , , , , , , 
11072, , , , 11755, 893709, 0.8723938022301116, 10496, 887508, 0.8663406977323066, , , , 45, 1021686, 0.9987350681342744, 46, 1021557, 0.9986089659621888, , , , , , , , , , 
11200, , , , 11735, 905444, 0.8838489193534375, 12385, 899893, 0.8784303121824463, , , , 38, 1021724, 0.9987722145105477, 46, 1021603, 0.9986539326282039, , , , , , , , , , 
11328, , , , 8822, 914266, 0.8924605123029031, 9881, 909774, 0.888075647699752, , , , 26, 1021750, 0.9987976304522083, 37, 1021640, 0.9986901014682594, , , , , , , , , , 
11456, , , , 5729, 919995, 0.8980528741264681, 6739, 916513, 0.8946539207542124, , , , 33, 1021783, 0.9988298891473929, 30, 1021670, 0.9987194275547909, , , , , , , , , , 
11584, , , , 3532, 923527, 0.9015006349854017, 4099, 920612, 0.8986551585120744, , , , 39, 1021822, 0.9988680130598838, 37, 1021707, 0.9987555963948465, , , , , , , , , , 
11712, , , , 2315, 925842, 0.9037604216185929, 2617, 923229, 0.9012097423648008, , , , 22, 1021844, 0.9988895188566737, 33, 1021740, 0.9987878550900311, , , , , , , , , , 
11840, , , , 1930, 927772, 0.9056443906043636, 2040, 925269, 0.9032010878212631, , , , 30, 1021874, 0.9989188449432052, 31, 1021771, 0.9988181587127803, , , , , , , , , , 
11968, , , , 1740, 929512, 0.9073428911407578, 1802, 927071, 0.904960109641138, , , , 34, 1021908, 0.9989520811746075, 38, 1021809, 0.9988553050890535, , , , , , , , , , 
12096, , , , 1575, 931087, 0.9088803269711148, 1721, 928792, 0.9066400633325947, , , , 22, 1021930, 0.9989735869713973, 38, 1021847, 0.9988924514653268, , , , , , , , , , 
12224, , , , 1525, 932612, 0.9103689553147937, 1615, 930407, 0.908216545152294, , , , 22, 1021952, 0.9989950927681871, 32, 1021879, 0.9989237326242937, , , , , , , , , , 
12352, , , , 1538, 934150, 0.9118702736050088, 1554, 931961, 0.9097334818382461, , , , 28, 1021980, 0.9990224637822831, 23, 1021902, 0.9989462159573013, , , , , , , , , , 
12480, , , , 1489, 935639, 0.9133237605582796, 1588, 933549, 0.9112836076151393, , , , 25, 1022005, 0.9990469021877261, 24, 1021926, 0.9989696768265264, , , , , , , , , , 
12608, , , , 1478, 937117, 0.9147665098644812, 1634, 935183, 0.9128786362797763, , , , 28, 1022033, 0.9990742732018222, 30, 1021956, 0.9989990029130579, , , , , , , , , , 
12736, , , , 1615, 938732, 0.9163429916841804, 1653, 936836, 0.9144922117893508, , , , 20, 1022053, 0.9990938239261765, 29, 1021985, 0.9990273514633717, , , , , , , , , , 
12864, , , , 1940, 940672, 0.9182367221672867, 1810, 938646, 0.9162590428070942, , , , 20, 1022073, 0.9991133746505308, 23, 1022008, 0.9990498347963792, , , , , , , , , , 
12992, , , , 3116, 943788, 0.9212784047370595, 2382, 941028, 0.9185842314724341, , , , 25, 1022098, 0.9991378130559737, 17, 1022025, 0.9990664529120804, , , , , , , , , , 
13120, , , , 3977, 947765, 0.9251605522274273, 3657, 944685, 0.9221540110480627, , , , 24, 1022122, 0.9991612739251989, 32, 1022057, 0.9990977340710473, , , , , , , , , , 
13248, , , , 4162, 951927, 0.9292232874185037, 4028, 948713, 0.9260859421748421, , , , 21, 1022143, 0.999181802185771, 23, 1022080, 0.9991202174040548, , , , , , , , , , 
13376, , , , 4583, 956510, 0.9336969816474089, 4261, 952974, 0.930245316189541, , , , 19, 1022162, 0.9992003753739076, 25, 1022105, 0.9991446558094977, , , , , , , , , , 
13504, , , , 5017, 961527, 0.9385943248606791, 4947, 957921, 0.9350743289214619, , , , 24, 1022186, 0.9992238362431328, 22, 1022127, 0.9991661616062875, , , , , , , , , , 
13632, , , , 4474, 966001, 0.9429616187686262, 4814, 962735, 0.9397735137388195, , , , 12, 1022198, 0.9992355666777454, 23, 1022150, 0.999188644939295, , , , , , , , , , 
13760, , , , 4336, 970337, 0.947194204013342, 4342, 967077, 0.9440119558819366, , , , 15, 1022213, 0.9992502297210112, 13, 1022163, 0.9992013529101254, , , , , , , , , , 
13888, , , , 4400, 974737, 0.9514892628410057, 4343, 971420, 0.9482513741747874, , , , 16, 1022229, 0.9992658703004946, 17, 1022180, 0.9992179710258265, , , , , , , , , , 
14016, , , , 4113, 978850, 0.9555041666951377, 4460, 975880, 0.9526050019864647, , , , 14, 1022243, 0.9992795558075427, 8, 1022188, 0.9992257913155682, , , , , , , , , , 
14144, , , , 3588, 982438, 0.9590065919391507, 3914, 979794, 0.9564256520436183, , , , 15, 1022258, 0.9992942188508084, 18, 1022206, 0.9992433869674872, , , , , , , , , , 
14272, , , , 3151, 985589, 0.9620824397495981, 3393, 983187, 0.9597377280895871, , , , 9, 1022267, 0.9993030166767679, 16, 1022222, 0.9992590275469706, , , , , , , , , , 
14400, , , , 2632, 988221, 0.9646516658483278, 3015, 986202, 0.9626808195362703, , , , 10, 1022277, 0.9993127920389451, 9, 1022231, 0.99926782537293, , , , , , , , , , 
14528, , , , 2231, 990452, 0.9668294559039, 2547, 988749, 0.9651670729076475, , , , 8, 1022285, 0.9993206123286867, 13, 1022244, 0.9992805333437604, , , , , , , , , , 
14656, , , , 1701, 992153, 0.9684898866006855, 2024, 990773, 0.9671427999683727, , , , 9, 1022294, 0.9993294101546463, 9, 1022253, 0.9992893311697199, , , , , , , , , , 
14784, , , , 1446, 993599, 0.9699013991154131, 1702, 992475, 0.9688042068148918, , , , 9, 1022303, 0.9993382079806057, 9, 1022262, 0.9992981289956793, , , , , , , , , , 
14912, , , , 1155, 994754, 0.9710288520576749, 1340, 993815, 0.9701122474578621, , , , 6, 1022309, 0.999344073197912, 8, 1022270, 0.999305949285421, , , , , , , , , , 
15040, , , , 992, 995746, 0.9719971925933663, 1118, 994933, 0.9712035828599821, , , , 10, 1022319, 0.9993538485600891, 12, 1022282, 0.9993176797200336, , , , , , , , , , 
15168, , , , 889, 996635, 0.972864989706501, 951, 995884, 0.9721319012565975, , , , 8, 1022327, 0.9993616688498309, 8, 1022290, 0.9993255000097754, , , , , , , , , , 
15296, , , , 841, 997476, 0.973685931632425, 887, 996771, 0.9729977460702652, , , , 8, 1022335, 0.9993694891395726, 6, 1022296, 0.9993313652270817, , , , , , , , , , 
15424, , , , 834, 998310, 0.974500040510214, 835, 997606, 0.9738128310977877, , , , 6, 1022341, 0.999375354356879, 10, 1022306, 0.9993411405892588, , , , , , , , , , 
15552, , , , 778, 999088, 0.9752594850029236, 804, 998410, 0.9745976554835699, , , , 8, 1022349, 0.9993831746466206, 7, 1022313, 0.9993479833427829, , , , , , , , , , 
15680, , , , 753, 999841, 0.9759945257522942, 756, 999166, 0.9753356246821412, , , , 7, 1022356, 0.9993900174001447, 7, 1022320, 0.9993548260963069, , , , , , , , , , 
15808, , , , 738, 1000579, 0.9767149242556614, 757, 999923, 0.9760745700304461, , , , 6, 1022362, 0.9993958826174509, 9, 1022329, 0.9993636239222663, , , , , , , , , , 
15936, , , , 699, 1001278, 0.9773972529194198, 692, 1000615, 0.9767500656460696, , , , 8, 1022370, 0.9994037029071927, 6, 1022335, 0.9993694891395726, , , , , , , , , , 
16064, , , , 656, 1001934, 0.9780376071446352, 701, 1001316, 0.9774343466092951, , , , 6, 1022376, 0.999409568124499, 6, 1022341, 0.999375354356879, , , , , , , , , , 
16192, , , , 603, 1002537, 0.9786262254339718, 641, 1001957, 0.978060058588507, , , , 7, 1022383, 0.999416410878023, 5, 1022346, 0.9993802420379675, , , , , , , , , , 
16320, , , , 585, 1003122, 0.9791972730281043, 580, 1002537, 0.9786262254339718, , , , 4, 1022387, 0.9994203210228939, 5, 1022351, 0.9993851297190561, , , , , , , , , , 
16512, , , , 1144, 1004266, 0.9803139883232969, 1204, 1003741, 0.9798015097131779, , , , 11, 1022398, 0.9994310739212888, 15, 1022366, 0.9993997927623218, , , , , , , , , , 
16768, , , , 1132, 1005398, 0.9814189898216867, 1160, 1004901, 0.9809338434041075, , , , 13, 1022411, 0.9994437818921191, 10, 1022376, 0.999409568124499, , , , , , , , , , 
17024, , , , 1113, 1006511, 0.9825054444751389, 1082, 1005983, 0.9819900374158193, , , , 12, 1022423, 0.9994555123267317, 16, 1022392, 0.9994252087039824, , , , , , , , , , 
17280, , , , 997, 1007508, 0.9834786657594982, 1037, 1007020, 0.983002304689521, , , , 8, 1022431, 0.9994633326164735, 9, 1022401, 0.999434006529942, , , , , , , , , , 
17536, , , , 1001, 1008509, 0.9844557916427916, 1016, 1008036, 0.9839940728188178, , , , 12, 1022443, 0.999475063051086, 8, 1022409, 0.9994418268196836, , , , , , , , , , 
17792, , , , 1134, 1009643, 0.9855627454406486, 1042, 1009078, 0.9850112208411873, , , , 10, 1022453, 0.9994848384132632, 11, 1022420, 0.9994525797180785, , , , , , , , , , 
18048, , , , 1019, 1010662, 0.9865574420191462, 1096, 1010174, 0.9860810809491689, , , , 6, 1022459, 0.9994907036305695, 10, 1022430, 0.9994623550802557, , , , , , , , , , 
18304, , , , 991, 1011653, 0.9875248064051041, 996, 1011170, 0.9870533260837946, , , , 11, 1022470, 0.9995014565289644, 12, 1022442, 0.9994740855148683, , , , , , , , , , 
18560, , , , 991, 1012644, 0.988492170791062, 995, 1012165, 0.9880245950686868, , , , 8, 1022478, 0.9995092768187062, 13, 1022455, 0.9994867934856987, , , , , , , , , , 
18816, , , , 901, 1013545, 0.9893716817009994, 906, 1013071, 0.9889089867272921, , , , 6, 1022484, 0.9995151420360124, 2, 1022457, 0.9994887485581341, , , , , , , , , , 
19072, , , , 885, 1014430, 0.9902355742152, 895, 1013966, 0.9897826407388282, , , , 4, 1022488, 0.9995190521808833, 6, 1022463, 0.9994946137754404, , , , , , , , , , 
19328, , , , 856, 1015286, 0.9910711583871273, 849, 1014815, 0.9906113918626206, , , , 6, 1022494, 0.9995249173981896, 7, 1022470, 0.9995014565289644, , , , , , , , , , 
19584, , , , 773, 1016059, 0.9918257221311692, 819, 1015634, 0.9914108584944061, , , , 2, 1022496, 0.999526872470625, 5, 1022475, 0.999506344210053, , , , , , , , , , 
19840, , , , 690, 1016749, 0.9924992654473255, 719, 1016353, 0.9921127101528358, , , , 16, 1022512, 0.9995425130501085, 11, 1022486, 0.9995170971084478, , , , , , , , , , 
20096, , , , 664, 1017413, 0.9931474288704093, 663, 1017016, 0.992759897426186, , , , 15, 1022527, 0.9995571760933742, 15, 1022501, 0.9995317601517136, , , , , , , , , , 
20352, , , , 605, 1018018, 0.993737999459213, 647, 1017663, 0.9933914663037993, , , , 4, 1022531, 0.9995610862382451, 7, 1022508, 0.9995386029052377, , , , , , , , , , 
20608, , , , 539, 1018557, 0.9942641441656018, 551, 1018214, 0.9939293248069908, , , , 8, 1022539, 0.9995689065279869, 7, 1022515, 0.9995454456587617, , , , , , , , , , 
20864, , , , 475, 1019032, 0.9947278152890429, 510, 1018724, 0.9944271611711064, , , , 5, 1022544, 0.9995737942090754, 6, 1022521, 0.999551310876068, , , , , , , , , , 
21120, , , , 425, 1019457, 0.9951426789258058, 460, 1019184, 0.9948761900485439, , , , 13, 1022557, 0.9995865021799057, 11, 1022532, 0.9995620637744629, , , , , , , , , , 
21376, , , , 352, 1019809, 0.9954862836320189, 388, 1019572, 0.9952549361451651, , , , 7, 1022564, 0.9995933449334298, 9, 1022541, 0.9995708616004223, , , , , , , , , , 
21632, , , , 294, 1020103, 0.9957732716536855, 333, 1019905, 0.9955799940064406, , , , 7, 1022571, 0.9996001876869538, 8, 1022549, 0.9995786818901641, , , , , , , , , , 
21888, , , , 303, 1020406, 0.9960690450229541, 290, 1020195, 0.995863077429173, , , , 5, 1022576, 0.9996050753680424, 8, 1022557, 0.9995865021799057, , , , , , , , , , 
22144, , , , 242, 1020648, 0.9963052732584756, 277, 1020472, 0.9961334709053691, , , , 4, 1022580, 0.9996089855129132, 3, 1022560, 0.9995894347885589, , , , , , , , , , 
22400, , , , 204, 1020852, 0.9965044078041219, 232, 1020704, 0.996359937643555, , , , 10, 1022590, 0.9996187608750904, 5, 1022565, 0.9995943224696475, , , , , , , , , , 
22656, , , , 203, 1021055, 0.9967025662000345, 201, 1020905, 0.9965561437400006, , , , 3, 1022593, 0.9996216934837435, 8, 1022573, 0.9996021427593892, , , , , , , , , , 
22912, , , , 168, 1021223, 0.9968665593552726, 183, 1021088, 0.9967347791412421, , , , 7, 1022600, 0.9996285362372676, 6, 1022579, 0.9996080079766956, , , , , , , , , , 
23168, , , , 143, 1021366, 0.9970061487671716, 162, 1021250, 0.9968929153980788, , , , 11, 1022611, 0.9996392891356625, 11, 1022590, 0.9996187608750904, , , , , , , , , , 
23424, , , , 131, 1021497, 0.9971340243822681, 145, 1021395, 0.9970344571094449, , , , 5, 1022616, 0.9996441768167511, 7, 1022597, 0.9996256036286144, , , , , , , , , , 
23680, , , , 126, 1021623, 0.9972570192486966, 124, 1021519, 0.9971554996764064, , , , 9, 1022625, 0.9996529746427105, 8, 1022605, 0.9996334239183562, , , , , , , , , , 
23936, , , , 110, 1021733, 0.9973643957193882, 131, 1021650, 0.9972833752915027, , , , 6, 1022631, 0.9996588398600168, 5, 1022610, 0.9996383115994447, , , , , , , , , , 
24192, , , , 78, 1021811, 0.9974405353986059, 82, 1021732, 0.9973634195696546, , , , 7, 1022638, 0.9996656826135408, 10, 1022620, 0.9996480869616219, , , , , , , , , , 
24448, , , , 88, 1021899, 0.9975264365751592, 91, 1021823, 0.9974522491954085, , , , 6, 1022644, 0.9996715478308471, 6, 1022626, 0.9996539521789283, , , , , , , , , , 
24704, , , , 88, 1021987, 0.9976123377517124, 83, 1021906, 0.997533269623294, , , , 4, 1022648, 0.999675457975718, 5, 1022631, 0.9996588398600168, , , , , , , , , , 
24960, , , , 69, 1022056, 0.9976796920833281, 93, 1021999, 0.9976240515485151, , , , 1, 1022649, 0.9996764355119357, 3, 1022634, 0.9996617724686699, , , , , , , , , , 
25216, , , , 79, 1022135, 0.9977568079122793, 77, 1022076, 0.9976992150779992, , , , 2, 1022651, 0.9996783905843711, 1, 1022635, 0.9996627500048877, , , , , , , , , , 
25472, , , , 71, 1022206, 0.997826114543362, 59, 1022135, 0.9977568079122793, , , , 8, 1022659, 0.9996862108741129, 6, 1022641, 0.999668615222194, , , , , , , , , , 
25728, , , , 64, 1022270, 0.9978885881263099, 78, 1022213, 0.997832947591497, , , , 2, 1022661, 0.9996881659465483, 6, 1022647, 0.9996744804395002, , , , , , , , , , 
25984, , , , 49, 1022319, 0.9979364194632543, 58, 1022271, 0.9978895642760435, , , , 3, 1022664, 0.9996910985552014, 3, 1022650, 0.9996774130481534, , , , , , , , , , 
26240, , , , 59, 1022378, 0.9979940122975344, 54, 1022325, 0.9979422763616557, , , , 5, 1022669, 0.9996959862362901, 4, 1022654, 0.9996813231930243, , , , , , , , , , 
26496, , , , 65, 1022443, 0.9980574620302157, 61, 1022386, 0.9980018214954028, , , , 4, 1022673, 0.999699896381161, 5, 1022659, 0.9996862108741129, , , , , , , , , , 
26752, , , , 54, 1022497, 0.998110174115828, 62, 1022448, 0.9980623427788835, , , , 6, 1022679, 0.9997057615984672, 6, 1022665, 0.9996920760914192, , , , , , , , , , 
27008, , , , 38, 1022535, 0.9981472678057033, 47, 1022495, 0.9981082218163608, , , , 3, 1022682, 0.9997086942071204, 5, 1022670, 0.9996969637725077, , , , , , , , , , 
27264, , , , 46, 1022581, 0.998192170693447, 42, 1022537, 0.9981492201051704, , , , 7, 1022689, 0.9997155369606444, 4, 1022674, 0.9997008739173786, , , , , , , , , , 
27520, , , , 44, 1022625, 0.9982351212817236, 43, 1022580, 0.9981911945437134, , , , 3, 1022692, 0.9997184695692976, 6, 1022680, 0.9997067391346849, , , , , , , , , , 
27776, , , , 49, 1022674, 0.9982829526186681, 47, 1022627, 0.9982370735811907, , , , 4, 1022696, 0.9997223797141684, 2, 1022682, 0.9997086942071204, , , , , , , , , , 
28032, , , , 39, 1022713, 0.9983210224582769, 48, 1022675, 0.9982839287684017, , , , 8, 1022704, 0.9997302000039101, 6, 1022688, 0.9997145594244267, , , , , , , , , , 
28288, , , , 33, 1022746, 0.9983532353994844, 41, 1022716, 0.9983239509074776, , , , 3, 1022707, 0.9997331326125632, 7, 1022695, 0.9997214021779507, , , , , , , , , , 
28544, , , , 25, 1022771, 0.9983776391428234, 23, 1022739, 0.9983464023513495, , , , 3, 1022710, 0.9997360652212165, 2, 1022697, 0.9997233572503861, , , , , , , , , , 
28800, , , , 34, 1022805, 0.9984108282337645, 35, 1022774, 0.9983805675920241, , , , 4, 1022714, 0.9997399753660873, 6, 1022703, 0.9997292224676925, , , , , , , , , , 
29056, , , , 28, 1022833, 0.9984381604263041, 22, 1022796, 0.9984020428861624, , , , 4, 1022718, 0.9997438855109582, 2, 1022705, 0.9997311775401279, , , , , , , , , , 
29312, , , , 21, 1022854, 0.9984586595707089, 31, 1022827, 0.9984323035279028, , , , 5, 1022723, 0.9997487731920468, 5, 1022710, 0.9997360652212165, , , , , , , , , , 
29568, , , , 28, 1022882, 0.9984859917632486, 28, 1022855, 0.9984596357204424, , , , 3, 1022726, 0.9997517058006999, 5, 1022715, 0.999740952902305, , , , , , , , , , 
29824, , , , 25, 1022907, 0.9985103955065876, 27, 1022882, 0.9984859917632486, , , , 5, 1022731, 0.9997565934817885, 3, 1022718, 0.9997438855109582, , , , , , , , , , 
30080, , , , 24, 1022931, 0.998533823100193, 21, 1022903, 0.9985064909076533, , , , 5, 1022736, 0.9997614811628771, 6, 1022724, 0.9997497507282644, , , , , , , , , , 
30336, , , , 26, 1022957, 0.9985592029932655, 30, 1022933, 0.9985357753996601, , , , 3, 1022739, 0.9997644137715302, 1, 1022725, 0.9997507282644822, , , , , , , , , , 
30592, , , , 10, 1022967, 0.9985689644906012, 14, 1022947, 0.99854944149593, , , , 3, 1022742, 0.9997673463801834, 5, 1022730, 0.9997556159455708, , , , , , , , , , 
30848, , , , 32, 1022999, 0.998600201282075, 26, 1022973, 0.9985748213890026, , , , 2, 1022744, 0.9997693014526188, 2, 1022732, 0.9997575710180062, , , , , , , , , , 
31104, , , , 24, 1023023, 0.9986236288756805, 27, 1023000, 0.9986011774318087, , , , 4, 1022748, 0.9997732115974897, 4, 1022736, 0.9997614811628771, , , , , , , , , , 
31360, , , , 25, 1023048, 0.9986480326190195, 22, 1023022, 0.998622652725947, , , , 2, 1022750, 0.9997751666699252, 3, 1022739, 0.9997644137715302, , , , , , , , , , 
31616, , , , 16, 1023064, 0.9986636510147564, 19, 1023041, 0.9986411995708846, , , , 2, 1022752, 0.9997771217423606, 2, 1022741, 0.9997663688439656, , , , , , , , , , 
31872, , , , 21, 1023085, 0.9986841501591612, 20, 1023061, 0.9986607225655558, , , , 3, 1022755, 0.9997800543510137, 3, 1022744, 0.9997693014526188, , , , , , , , , , 
32128, , , , 19, 1023104, 0.9987026970040989, 22, 1023083, 0.9986821978596941, , , , 7, 1022762, 0.9997868971045377, 6, 1022750, 0.9997751666699252, , , , , , , , , , 
32384, , , , 15, 1023119, 0.9987173392501022, 18, 1023101, 0.9986997685548982, , , , 2, 1022764, 0.9997888521769731, 4, 1022754, 0.9997790768147959, , , , , , , , , , 
32640, , , , 13, 1023132, 0.9987300291966386, 15, 1023116, 0.9987144108009016, , , , , , , 1, 1022755, 0.9997800543510137, , , , , , , , , , 
33024, , , , 27, 1023159, 0.9987563852394447, 25, 1023141, 0.9987388145442405, , , , 5, 1022769, 0.9997937398580617, 5, 1022760, 0.9997849420321023, , , , , , , , , , 
33536, , , , 28, 1023187, 0.9987837174319844, 29, 1023170, 0.9987671228865138, , , , 2, 1022771, 0.9997956949304971, 2, 1022762, 0.9997868971045377, , , , , , , , , , 
34048, , , , 42, 1023229, 0.9988247157207939, 42, 1023212, 0.9988081211753234, , , , 6, 1022777, 0.9998015601478035, 5, 1022767, 0.9997917847856264, , , , , , , , , , 
34560, , , , 31, 1023260, 0.9988549763625342, 31, 1023243, 0.9988383818170636, , , , 5, 1022782, 0.999806447828892, 5, 1022772, 0.9997966724667149, , , , , , , , , , 
35072, , , , 23, 1023283, 0.9988774278064061, 26, 1023269, 0.9988637617101362, , , , 2, 1022784, 0.9998084029013274, 3, 1022775, 0.999799605075368, , , , , , , , , , 
35584, , , , 25, 1023308, 0.9989018315497451, 21, 1023290, 0.998884260854541, , , , 5, 1022789, 0.9998132905824161, 4, 1022779, 0.9998035152202389, , , , , , , , , , 
36096, , , , 35, 1023343, 0.9989359967904197, 36, 1023326, 0.9989194022449491, , , , 3, 1022792, 0.9998162231910692, 4, 1022783, 0.9998074253651098, , , , , , , , , , 
36608, , , , 27, 1023370, 0.9989623528332258, 31, 1023357, 0.9989496628866895, , , , 2, 1022794, 0.9998181782635046, 4, 1022787, 0.9998113355099807, , , , , , , , , , 
37120, , , , 26, 1023396, 0.9989877327262984, 27, 1023384, 0.9989760189294956, , , , 4, 1022798, 0.9998220884083755, 2, 1022789, 0.9998132905824161, , , , , , , , , , 
37632, , , , 31, 1023427, 0.9990179933680388, 30, 1023414, 0.9990053034215024, , , , 2, 1022800, 0.999824043480811, 4, 1022793, 0.999817200727287, , , , , , , , , , 
38144, , , , 20, 1023447, 0.9990375163627099, 18, 1023432, 0.9990228741167065, , , , 5, 1022805, 0.9998289311618995, 2, 1022795, 0.9998191557997224, , , , , , , , , , 
38656, , , , 20, 1023467, 0.9990570393573811, 25, 1023457, 0.9990472778600455, , , , 2, 1022807, 0.999830886234335, 4, 1022799, 0.9998230659445932, , , , , , , , , , 
39168, , , , 25, 1023492, 0.9990814431007201, 23, 1023480, 0.9990697293039174, , , , 4, 1022811, 0.9998347963792058, 5, 1022804, 0.9998279536256819, , , , , , , , , , 
39680, , , , 19, 1023511, 0.9990999899456577, 21, 1023501, 0.9990902284483222, , , , 5, 1022816, 0.9998396840602944, 4, 1022808, 0.9998318637705527, , , , , , , , , , 
40192, , , , 25, 1023536, 0.9991243936889967, 24, 1023525, 0.9991136560419276, , , , 3, 1022819, 0.9998426166689476, 4, 1022812, 0.9998357739154236, , , , , , , , , , 
40704, , , , 28, 1023564, 0.9991517258815364, 27, 1023552, 0.9991400120847337, , , , 7, 1022826, 0.9998494594224716, 6, 1022818, 0.9998416391327298, , , , , , , , , , 
41216, , , , 13, 1023577, 0.9991644158280727, 14, 1023566, 0.9991536781810035, , , , 1, 1022827, 0.9998504369586894, 3, 1022821, 0.999844571741383, , , , , , , , , , 
41728, , , , 18, 1023595, 0.9991819865232768, 18, 1023584, 0.9991712488762077, , , , 3, 1022830, 0.9998533695673425, 2, 1022823, 0.9998465268138185, , , , , , , , , , 
42240, , , , 25, 1023620, 0.9992063902666157, 22, 1023606, 0.999192724170346, , , , 4, 1022834, 0.9998572797122134, 4, 1022827, 0.9998504369586894, , , , , , , , , , 
42752, , , , 21, 1023641, 0.9992268894110206, 24, 1023630, 0.9992161517639514, , , , , , , 1, 1022828, 0.999851414494907, , , , , , , , , , 
43264, , , , 13, 1023654, 0.9992395793575568, 14, 1023644, 0.9992298178602212, , , , , , , , , , , , , , , , , , , 
43776, , , , 21, 1023675, 0.9992600785019615, 20, 1023664, 0.9992493408548924, , , , 2, 1022836, 0.9998592347846488, 2, 1022830, 0.9998533695673425, , , , , , , , , , 
44288, , , , 17, 1023692, 0.9992766730474321, 20, 1023684, 0.9992688638495636, , , , 2, 1022838, 0.9998611898570842, 2, 1022832, 0.9998553246397779, , , , , , , , , , 
44800, , , , 13, 1023705, 0.9992893629939684, 12, 1023696, 0.9992805776463664, , , , 3, 1022841, 0.9998641224657373, 3, 1022835, 0.999858257248431, , , , , , , , , , 
45312, , , , 14, 1023719, 0.9993030290902382, 14, 1023710, 0.9992942437426362, , , , 1, 1022842, 0.999865100001955, 1, 1022836, 0.9998592347846488, , , , , , , , , , 
45824, , , , 17, 1023736, 0.9993196236357087, 15, 1023725, 0.9993088859886395, , , , 4, 1022846, 0.9998690101468259, 5, 1022841, 0.9998641224657373, , , , , , , , , , 
46336, , , , 14, 1023750, 0.9993332897319785, 17, 1023742, 0.9993254805341101, , , , 1, 1022847, 0.9998699876830437, 1, 1022842, 0.999865100001955, , , , , , , , , , 
46848, , , , 13, 1023763, 0.9993459796785148, 6, 1023748, 0.9993313374325115, , , , 7, 1022854, 0.9998768304365677, 6, 1022848, 0.9998709652192613, , , , , , , , , , 
47360, , , , 16, 1023779, 0.9993615980742518, 18, 1023766, 0.9993489081277155, , , , 4, 1022858, 0.9998807405814385, 5, 1022853, 0.99987585290035, , , , , , , , , , 
47872, , , , 16, 1023795, 0.9993772164699888, 21, 1023787, 0.9993694072721203, , , , 2, 1022860, 0.999882695653874, 1, 1022854, 0.9998768304365677, , , , , , , , , , 
48384, , , , 14, 1023809, 0.9993908825662586, 13, 1023800, 0.9993820972186566, , , , 3, 1022863, 0.9998856282625271, 4, 1022858, 0.9998807405814385, , , , , , , , , , 
48896, , , , 13, 1023822, 0.9994035725127949, 14, 1023814, 0.9993957633149264, , , , 5, 1022868, 0.9998905159436157, 4, 1022862, 0.9998846507263094, , , , , , , , , , 
49408, , , , 9, 1023831, 0.999412357860397, 11, 1023825, 0.9994065009619956, , , , 2, 1022870, 0.9998924710160512, 2, 1022864, 0.9998866057987449, , , , , , , , , , 
49920, , , , 18, 1023849, 0.999429928555601, 16, 1023841, 0.9994221193577325, , , , 4, 1022874, 0.999896381160922, 5, 1022869, 0.9998914934798334, , , , , , , , , , 
50432, , , , 12, 1023861, 0.9994416423524037, 13, 1023854, 0.9994348093042688, , , , 3, 1022877, 0.9998993137695752, 3, 1022872, 0.9998944260884866, , , , , , , , , , 
50944, , , , 15, 1023876, 0.9994562845984071, 12, 1023866, 0.9994465231010715, , , , 1, 1022878, 0.9999002913057928, 1, 1022873, 0.9998954036247043, , , , , , , , , , 
51456, , , , 7, 1023883, 0.999463117646542, 11, 1023877, 0.9994572607481407, , , , 3, 1022881, 0.9999032239144461, 2, 1022875, 0.9998973586971397, , , , , , , , , , 
51968, , , , 11, 1023894, 0.9994738552936112, 10, 1023887, 0.9994670222454762, , , , , , , 1, 1022876, 0.9998983362333574, , , , , , , , , , 
52480, , , , 10, 1023904, 0.9994836167909468, 9, 1023896, 0.9994758075930783, , , , , , , , , , , , , , , , , , , 
52992, , , , 10, 1023914, 0.9994933782882824, 11, 1023907, 0.9994865452401475, , , , , , , , , , , , , , , , , , , 
53504, , , , 10, 1023924, 0.999503139785618, 6, 1023913, 0.9994924021385488, , , , 1, 1022882, 0.9999042014506637, 1, 1022877, 0.9998993137695752, , , , , , , , , , 
54016, , , , 9, 1023933, 0.9995119251332201, 10, 1023923, 0.9995021636358844, , , , , , , 1, 1022878, 0.9999002913057928, , , , , , , , , , 
54528, , , , 9, 1023942, 0.999520710480822, 9, 1023932, 0.9995109489834865, , , , , , , , , , , , , , , , , , , 
55040, , , , 8, 1023950, 0.9995285196786906, 11, 1023943, 0.9995216866305556, , , , 1, 1022883, 0.9999051789868815, , , , , , , , , , , , , 
55552, , , , 5, 1023955, 0.9995334004273584, 5, 1023948, 0.9995265673792234, , , , 3, 1022886, 0.9999081115955346, 4, 1022882, 0.9999042014506637, , , , , , , , , , 
56064, , , , 12, 1023967, 0.999545114224161, 10, 1023958, 0.9995363288765591, , , , 1, 1022887, 0.9999090891317524, 2, 1022884, 0.9999061565230992, , , , , , , , , , 
56576, , , , 3, 1023970, 0.9995480426733617, 5, 1023963, 0.9995412096252269, , , , , , , , , , , , , , , , , , , 
57088, , , , 8, 1023978, 0.9995558518712302, 6, 1023969, 0.9995470665236282, , , , 2, 1022889, 0.9999110442041877, 1, 1022885, 0.9999071340593169, , , , , , , , , , 
57600, , , , 3, 1023981, 0.9995587803204309, 5, 1023974, 0.999551947272296, , , , , , , 1, 1022886, 0.9999081115955346, , , , , , , , , , 
58112, , , , 7, 1023988, 0.9995656133685659, 7, 1023981, 0.9995587803204309, , , , , , , , , , , , , , , , , , , 
58624, , , , 7, 1023995, 0.9995724464167007, 6, 1023987, 0.9995646372188323, , , , 3, 1022892, 0.9999139768128409, 2, 1022888, 0.99991006666797, , , , , , , , , , 
59136, , , , 7, 1024002, 0.9995792794648357, 7, 1023994, 0.9995714702669672, , , , 1, 1022893, 0.9999149543490586, 2, 1022890, 0.9999120217404055, , , , , , , , , , 
59648, , , , , , , 1, 1023995, 0.9995724464167007, , , , 1, 1022894, 0.9999159318852764, , , , , , , , , , , , , 
60160, , , , 3, 1024005, 0.9995822079140364, 4, 1023999, 0.999576351015635, , , , , , , 1, 1022891, 0.9999129992766232, , , , , , , , , , 
60672, , , , 6, 1024011, 0.9995880648124377, 3, 1024002, 0.9995792794648357, , , , 2, 1022896, 0.9999178869577118, 1, 1022892, 0.9999139768128409, , , , , , , , , , 
61184, , , , 3, 1024014, 0.9995909932616384, 5, 1024007, 0.9995841602135035, , , , 1, 1022897, 0.9999188644939295, 2, 1022894, 0.9999159318852764, , , , , , , , , , 
61696, , , , 7, 1024021, 0.9995978263097733, 8, 1024015, 0.999591969411372, , , , , , , , , , , , , , , , , , , 
62208, , , , 4, 1024025, 0.9996017309087075, 3, 1024018, 0.9995948978605727, , , , 3, 1022900, 0.9999217971025827, 3, 1022897, 0.9999188644939295, , , , , , , , , , 
62720, , , , 3, 1024028, 0.9996046593579082, 4, 1024022, 0.9995988024595068, , , , 2, 1022902, 0.999923752175018, 1, 1022898, 0.9999198420301472, , , , , , , , , , 
63232, , , , 13, 1024041, 0.9996173493044445, 11, 1024033, 0.999609540106576, , , , 1, 1022903, 0.9999247297112358, 2, 1022900, 0.9999217971025827, , , , , , , , , , 
63744, , , , 4, 1024045, 0.9996212539033787, 7, 1024040, 0.999616373154711, , , , , , , , , , , , , , , , , , , 
64256, , , , 3, 1024048, 0.9996241823525794, 2, 1024042, 0.9996183254541781, , , , 2, 1022905, 0.9999266847836712, 2, 1022902, 0.999923752175018, , , , , , , , , , 
64768, , , , 6, 1024054, 0.9996300392509808, 3, 1024045, 0.9996212539033787, , , , , , , , , , , , , , , , , , , 
65280, , , , 4, 1024058, 0.999633943849915, 9, 1024054, 0.9996300392509808, , , , 1, 1022906, 0.9999276623198889, 1, 1022903, 0.9999247297112358, , , , , , , , , , 
66048, , , , 13, 1024071, 0.9996466337964514, 13, 1024067, 0.9996427291975171, , , , 2, 1022908, 0.9999296173923243, 2, 1022905, 0.9999266847836712, , , , , , , , , , 
67072, , , , 10, 1024081, 0.9996563952937869, 7, 1024074, 0.9996495622456519, , , , 2, 1022910, 0.9999315724647598, 2, 1022907, 0.9999286398561067, , , , , , , , , , 
68096, , , , 9, 1024090, 0.999665180641389, 12, 1024086, 0.9996612760424547, , , , 2, 1022912, 0.9999335275371952, 2, 1022909, 0.9999305949285421, , , , , , , , , , 
69120, , , , 13, 1024103, 0.9996778705879252, 12, 1024098, 0.9996729898392575, , , , 2, 1022914, 0.9999354826096307, 2, 1022911, 0.9999325500009776, , , , , , , , , , 
70144, , , , 4, 1024107, 0.9996817751868594, 5, 1024103, 0.9996778705879252, , , , 1, 1022915, 0.9999364601458484, 1, 1022912, 0.9999335275371952, , , , , , , , , , 
71168, , , , 8, 1024115, 0.999689584384728, 9, 1024112, 0.9996866559355273, , , , 1, 1022916, 0.9999374376820661, , , , , , , , , , , , , 
72192, , , , 4, 1024119, 0.9996934889836622, 4, 1024116, 0.9996905605344615, , , , 1, 1022917, 0.9999384152182839, 3, 1022915, 0.9999364601458484, , , , , , , , , , 
73216, , , , 4, 1024123, 0.9996973935825965, 3, 1024119, 0.9996934889836622, , , , 1, 1022918, 0.9999393927545015, 1, 1022916, 0.9999374376820661, , , , , , , , , , 
74240, , , , 8, 1024131, 0.9997052027804649, 8, 1024127, 0.9997012981815306, , , , , , , , , , , , , , , , , , , 
75264, , , , 11, 1024142, 0.9997159404275341, 12, 1024139, 0.9997130119783334, , , , , , , , , , , , , , , , , , , 
76288, , , , 3, 1024145, 0.9997188688767348, 1, 1024140, 0.9997139881280669, , , , 1, 1022919, 0.9999403702907192, 1, 1022917, 0.9999384152182839, , , , , , , , , , 
77312, , , , 5, 1024150, 0.9997237496254026, 6, 1024146, 0.9997198450264683, , , , , , , , , , , , , , , , , , , 
78336, , , , 5, 1024155, 0.9997286303740703, 6, 1024152, 0.9997257019248696, , , , 1, 1022920, 0.999941347826937, 1, 1022918, 0.9999393927545015, , , , , , , , , , 
79360, , , , 5, 1024160, 0.9997335111227381, 5, 1024157, 0.9997305826735374, , , , , , , , , , , , , , , , , , , 
80384, , , , 7, 1024167, 0.9997403441708731, 7, 1024164, 0.9997374157216724, , , , , , , , , , , , , , , , , , , 
81408, , , , 2, 1024169, 0.9997422964703402, 2, 1024166, 0.9997393680211395, , , , , , , , , , , , , , , , , , , 
82432, , , , 7, 1024176, 0.999749129518475, 7, 1024173, 0.9997462010692744, , , , , , , , , , , , , , , , , , , 
83456, , , , 4, 1024180, 0.9997530341174093, 3, 1024176, 0.999749129518475, , , , , , , , , , , , , , , , , , , 
84480, , , , 2, 1024182, 0.9997549864168764, 3, 1024179, 0.9997520579676757, , , , 1, 1022921, 0.9999423253631547, 1, 1022919, 0.9999403702907192, , , , , , , , , , 
85504, , , , 5, 1024187, 0.9997598671655442, 4, 1024183, 0.99975596256661, , , , 1, 1022922, 0.9999433028993724, 1, 1022920, 0.999941347826937, , , , , , , , , , 
86528, , , , 3, 1024190, 0.9997627956147449, 4, 1024187, 0.9997598671655442, , , , 1, 1022923, 0.9999442804355901, 1, 1022921, 0.9999423253631547, , , , , , , , , , 
87552, , , , 1, 1024191, 0.9997637717644785, , , , , , , 2, 1022925, 0.9999462355080255, 1, 1022922, 0.9999433028993724, , , , , , , , , , 
88576, , , , 2, 1024193, 0.9997657240639456, 3, 1024190, 0.9997627956147449, , , , , , , 1, 1022923, 0.9999442804355901, , , , , , , , , , 
89600, , , , 1, 1024194, 0.9997667002136792, , , , , , , , , , , , , , , , , , , , , , 
90624, , , , 4, 1024198, 0.9997706048126134, 4, 1024194, 0.9997667002136792, , , , , , , , , , , , , , , , , , , 
91648, , , , 1, 1024199, 0.999771580962347, 2, 1024196, 0.9997686525131463, , , , , , , , , , , , , , , , , , , 
92672, , , , 1, 1024200, 0.9997725571120806, 1, 1024197, 0.9997696286628799, , , , 1, 1022926, 0.9999472130442433, 1, 1022924, 0.9999452579718079, , , , , , , , , , 
93696, , , , 4, 1024204, 0.9997764617110148, 4, 1024201, 0.9997735332618141, , , , 1, 1022927, 0.999948190580461, 1, 1022925, 0.9999462355080255, , , , , , , , , , 
94720, , , , 3, 1024207, 0.9997793901602154, 3, 1024204, 0.9997764617110148, , , , , , , , , , , , , , , , , , , 
95744, , , , 3, 1024210, 0.9997823186094161, 3, 1024207, 0.9997793901602154, , , , , , , , , , , , , , , , , , , 
96768, , , , 1, 1024211, 0.9997832947591497, 1, 1024208, 0.999780366309949, , , , 1, 1022928, 0.9999491681166788, 1, 1022926, 0.9999472130442433, , , , , , , , , , 
97792, , , , 2, 1024213, 0.9997852470586168, 2, 1024210, 0.9997823186094161, , , , 1, 1022929, 0.9999501456528964, 1, 1022927, 0.999948190580461, , , , , , , , , , 
98816, , , , 6, 1024219, 0.9997911039570182, 6, 1024216, 0.9997881755078175, , , , 1, 1022930, 0.9999511231891142, 1, 1022928, 0.9999491681166788, , , , , , , , , , 
99840, , , , 1, 1024220, 0.9997920801067517, 1, 1024217, 0.999789151657551, , , , , , , , , , , , , , , , , , , 
100864, , , , 1, 1024221, 0.9997930562564853, 1, 1024218, 0.9997901278072846, , , , 4, 1022934, 0.999955033333985, 3, 1022931, 0.9999521007253319, , , , , , , , , , 
101888, , , , 4, 1024225, 0.9997969608554196, 4, 1024222, 0.9997940324062189, , , , , , , 1, 1022932, 0.9999530782615496, , , , , , , , , , 
102912, , , , 3, 1024228, 0.9997998893046202, 3, 1024225, 0.9997969608554196, , , , 1, 1022935, 0.9999560108702027, 1, 1022933, 0.9999540557977673, , , , , , , , , , 
103936, , , , 4, 1024232, 0.9998037939035544, 3, 1024228, 0.9997998893046202, , , , 3, 1022938, 0.9999589434788559, 3, 1022936, 0.9999569884064204, , , , , , , , , , 
104960, , , , 7, 1024239, 0.9998106269516893, 8, 1024236, 0.9998076985024887, , , , 2, 1022940, 0.9999608985512913, 2, 1022938, 0.9999589434788559, , , , , , , , , , 
105984, , , , 6, 1024245, 0.9998164838500907, 6, 1024242, 0.99981355540089, , , , 2, 1022942, 0.9999628536237267, 1, 1022939, 0.9999599210150736, , , , , , , , , , 
107008, , , , 5, 1024250, 0.9998213645987585, 4, 1024246, 0.9998174599998243, , , , 1, 1022943, 0.9999638311599445, 2, 1022941, 0.9999618760875091, , , , , , , , , , 
108032, , , , 7, 1024257, 0.9998281976468935, 8, 1024254, 0.9998252691976928, , , , 2, 1022945, 0.9999657862323799, 2, 1022943, 0.9999638311599445, , , , , , , , , , 
109056, , , , 5, 1024262, 0.9998330783955612, 6, 1024260, 0.9998311260960941, , , , 3, 1022948, 0.9999687188410331, 2, 1022945, 0.9999657862323799, , , , , , , , , , 
110080, , , , 5, 1024267, 0.999837959144229, 5, 1024265, 0.9998360068447619, , , , , , , 1, 1022946, 0.9999667637685976, , , , , , , , , , 
111104, , , , 6, 1024273, 0.9998438160426304, 6, 1024271, 0.9998418637431633, , , , , , , , , , , , , , , , , , , 
112128, , , , 4, 1024277, 0.9998477206415647, 4, 1024275, 0.9998457683420975, , , , , , , 1, 1022947, 0.9999677413048154, , , , , , , , , , 
113152, , , , 3, 1024280, 0.9998506490907654, 2, 1024277, 0.9998477206415647, , , , , , , , , , , , , , , , , , , 
114176, , , , 3, 1024283, 0.9998535775399661, 3, 1024280, 0.9998506490907654, , , , , , , , , , , , , , , , , , , 
115200, , , , 4, 1024287, 0.9998574821389002, 5, 1024285, 0.9998555298394332, , , , , , , , , , , , , , , , , , , 
116224, , , , 2, 1024289, 0.9998594344383673, 2, 1024287, 0.9998574821389002, , , , , , , 1, 1022948, 0.9999687188410331, , , , , , , , , , 
117248, , , , 1, 1024290, 0.9998604105881009, 1, 1024288, 0.9998584582886338, , , , , , , , , , , , , , , , , , , 
118272, , , , 2, 1024292, 0.999862362887568, 1, 1024289, 0.9998594344383673, , , , , , , , , , , , , , , , , , , 
119296, , , , , , , 1, 1024290, 0.9998604105881009, , , , 1, 1022949, 0.9999696963772507, 1, 1022949, 0.9999696963772507, , , , , , , , , , 
120320, , , , 1, 1024293, 0.9998633390373016, 1, 1024291, 0.9998613867378345, , , , , , , , , , , , , , , , , , , 
121344, , , , 1, 1024294, 0.9998643151870352, 1, 1024292, 0.999862362887568, , , , 1, 1022950, 0.9999706739134685, 1, 1022950, 0.9999706739134685, , , , , , , , , , 
122368, , , , 1, 1024295, 0.9998652913367687, 1, 1024293, 0.9998633390373016, , , , 1, 1022951, 0.9999716514496862, 1, 1022951, 0.9999716514496862, , , , , , , , , , 
123392, , , , , , , , , , , , , 1, 1022952, 0.9999726289859039, 1, 1022952, 0.9999726289859039, , , , , , , , , , 
124416, , , , 3, 1024298, 0.9998682197859694, 3, 1024296, 0.9998662674865023, , , , , , , , , , , , , , , , , , , 
125440, , , , 2, 1024300, 0.9998701720854365, 2, 1024298, 0.9998682197859694, , , , , , , , , , , , , , , , , , , 
126464, , , , 2, 1024302, 0.9998721243849037, 1, 1024299, 0.999869195935703, , , , 1, 1022953, 0.9999736065221216, 1, 1022953, 0.9999736065221216, , , , , , , , , , 
127488, , , , 1, 1024303, 0.9998731005346372, 2, 1024301, 0.9998711482351701, , , , , , , , , , , , , , , , , , , 
129536, , , , 1, 1024304, 0.9998740766843708, 1, 1024302, 0.9998721243849037, , , , , , , , , , , , , , , , , , , 
132096, , , , 2, 1024306, 0.9998760289838379, 2, 1024304, 0.9998740766843708, , , , , , , , , , , , , , , , , , , 
134144, , , , 1, 1024307, 0.9998770051335715, 1, 1024305, 0.9998750528341044, , , , , , , , , , , , , , , , , , , 
136192, , , , 2, 1024309, 0.9998789574330386, 2, 1024307, 0.9998770051335715, , , , , , , , , , , , , , , , , , , 
138240, , , , 3, 1024312, 0.9998818858822393, 3, 1024310, 0.9998799335827722, , , , 1, 1022954, 0.9999745840583394, 1, 1022954, 0.9999745840583394, , , , , , , , , , 
140288, , , , 1, 1024313, 0.9998828620319729, 1, 1024311, 0.9998809097325057, , , , , , , , , , , , , , , , , , , 
142336, , , , 2, 1024315, 0.9998848143314399, 2, 1024313, 0.9998828620319729, , , , , , , , , , , , , , , , , , , 
144384, , , , 1, 1024316, 0.9998857904811735, 1, 1024314, 0.9998838381817063, , , , , , , , , , , , , , , , , , , 
146432, , , , 1, 1024317, 0.999886766630907, 1, 1024315, 0.9998848143314399, , , , , , , , , , , , , , , , , , , 
148480, , , , 3, 1024320, 0.9998896950801077, 2, 1024317, 0.999886766630907, , , , , , , , , , , , , , , , , , , 
150528, , , , 1, 1024321, 0.9998906712298413, 2, 1024319, 0.9998887189303741, , , , , , , , , , , , , , , , , , , 
152576, , , , , , , , , , , , , 2, 1022956, 0.9999765391307748, 2, 1022956, 0.9999765391307748, , , , , , , , , , 
154624, , , , 1, 1024322, 0.9998916473795748, , , , , , , , , , , , , , , , , , , , , , 
156672, , , , 2, 1024324, 0.999893599679042, 3, 1024322, 0.9998916473795748, , , , 1, 1022957, 0.9999775166669925, 1, 1022957, 0.9999775166669925, , , , , , , , , , 
160768, , , , 2, 1024326, 0.9998955519785091, 2, 1024324, 0.999893599679042, , , , , , , , , , , , , , , , , , , 
162816, , , , , , , , , , , , , 1, 1022958, 0.9999784942032103, 1, 1022958, 0.9999784942032103, , , , , , , , , , 
164864, , , , 1, 1024327, 0.9998965281282427, 1, 1024325, 0.9998945758287755, , , , 1, 1022959, 0.9999794717394279, 1, 1022959, 0.9999794717394279, , , , , , , , , , 
168960, , , , 1, 1024328, 0.9998975042779762, 1, 1024326, 0.9998955519785091, , , , , , , , , , , , , , , , , , , 
171008, , , , 1, 1024329, 0.9998984804277098, 1, 1024327, 0.9998965281282427, , , , , , , , , , , , , , , , , , , 
173056, , , , 2, 1024331, 0.9999004327271769, 1, 1024328, 0.9998975042779762, , , , , , , , , , , , , , , , , , , 
175104, , , , 1, 1024332, 0.9999014088769105, 1, 1024329, 0.9998984804277098, , , , , , , , , , , , , , , , , , , 
177152, , , , 1, 1024333, 0.999902385026644, 1, 1024330, 0.9998994565774433, , , , , , , , , , , , , , , , , , , 
183296, , , , 1, 1024334, 0.9999033611763776, 1, 1024331, 0.9999004327271769, , , , , , , , , , , , , , , , , , , 
185344, , , , 3, 1024337, 0.9999062896255783, 3, 1024334, 0.9999033611763776, , , , , , , , , , , , , , , , , , , 
189440, , , , 1, 1024338, 0.9999072657753119, 1, 1024335, 0.9999043373261112, , , , , , , , , , , , , , , , , , , 
191488, , , , 1, 1024339, 0.9999082419250453, 1, 1024336, 0.9999053134758447, , , , , , , , , , , , , , , , , , , 
193536, , , , 1, 1024340, 0.999909218074779, 1, 1024337, 0.9999062896255783, , , , , , , , , , , , , , , , , , , 
195584, , , , 1, 1024341, 0.9999101942245124, 1, 1024338, 0.9999072657753119, , , , , , , , , , , , , , , , , , , 
197632, , , , 1, 1024342, 0.999911170374246, 1, 1024339, 0.9999082419250453, , , , , , , , , , , , , , , , , , , 
199680, , , , 1, 1024343, 0.9999121465239796, 1, 1024340, 0.999909218074779, , , , , , , , , , , , , , , , , , , 
201728, , , , , , , , , , , , , 1, 1022960, 0.9999804492756457, , , , , , , , , , , , , 
203776, , , , 2, 1024345, 0.9999140988234467, 2, 1024342, 0.999911170374246, , , , , , , 1, 1022960, 0.9999804492756457, , , , , , , , , , 
207872, , , , , , , , , , , , , 1, 1022961, 0.9999814268118634, 1, 1022961, 0.9999814268118634, , , , , , , , , , 
211968, , , , 1, 1024346, 0.9999150749731803, 1, 1024343, 0.9999121465239796, , , , , , , , , , , , , , , , , , , 
214016, , , , 1, 1024347, 0.9999160511229138, 1, 1024344, 0.9999131226737131, , , , , , , , , , , , , , , , , , , 
216064, , , , 2, 1024349, 0.999918003422381, 2, 1024346, 0.9999150749731803, , , , , , , , , , , , , , , , , , , 
220160, , , , 2, 1024351, 0.9999199557218481, 2, 1024348, 0.9999170272726474, , , , , , , , , , , , , , , , , , , 
222208, , , , 1, 1024352, 0.9999209318715816, 1, 1024349, 0.999918003422381, , , , 1, 1022962, 0.999982404348081, 1, 1022962, 0.999982404348081, , , , , , , , , , 
234496, , , , 1, 1024353, 0.9999219080213152, 1, 1024350, 0.9999189795721145, , , , , , , , , , , , , , , , , , , 
236544, , , , 1, 1024354, 0.9999228841710488, 2, 1024352, 0.9999209318715816, , , , , , , , , , , , , , , , , , , 
238592, , , , 1, 1024355, 0.9999238603207823, 1, 1024353, 0.9999219080213152, , , , , , , , , , , , , , , , , , , 
240640, , , , 2, 1024357, 0.9999258126202495, 2, 1024355, 0.9999238603207823, , , , , , , , , , , , , , , , , , , 
246784, , , , 1, 1024358, 0.999926788769983, 1, 1024356, 0.9999248364705159, , , , , , , , , , , , , , , , , , , 
248832, , , , 1, 1024359, 0.9999277649197166, 1, 1024357, 0.9999258126202495, , , , , , , , , , , , , , , , , , , 
250880, , , , 3, 1024362, 0.9999306933689173, 3, 1024360, 0.9999287410694502, , , , , , , , , , , , , , , , , , , 
280576, , , , , , , , , , , , , 1, 1022963, 0.9999833818842988, 1, 1022963, 0.9999833818842988, , , , , , , , , , 
284672, , , , 1, 1024363, 0.9999316695186508, 1, 1024361, 0.9999297172191837, , , , , , , , , , , , , , , , , , , 
288768, , , , 2, 1024365, 0.999933621818118, 2, 1024363, 0.9999316695186508, , , , , , , , , , , , , , , , , , , 
292864, , , , 1, 1024366, 0.9999345979678514, 1, 1024364, 0.9999326456683844, , , , , , , , , , , , , , , , , , , 
301056, , , , 2, 1024368, 0.9999365502673186, 2, 1024366, 0.9999345979678514, , , , , , , , , , , , , , , , , , , 
309248, , , , 3, 1024371, 0.9999394787165193, 3, 1024369, 0.9999375264170521, , , , , , , , , , , , , , , , , , , 
313344, , , , 2, 1024373, 0.9999414310159864, 2, 1024371, 0.9999394787165193, , , , , , , , , , , , , , , , , , , 
321536, , , , 2, 1024375, 0.9999433833154535, 2, 1024373, 0.9999414310159864, , , , 1, 1022964, 0.9999843594205166, 1, 1022964, 0.9999843594205166, , , , , , , , , , 
325632, , , , 1, 1024376, 0.9999443594651871, 1, 1024374, 0.9999424071657199, , , , , , , , , , , , , , , , , , , 
329728, , , , 2, 1024378, 0.9999463117646542, 2, 1024376, 0.9999443594651871, , , , , , , , , , , , , , , , , , , 
333824, , , , 1, 1024379, 0.9999472879143878, 1, 1024377, 0.9999453356149206, , , , , , , , , , , , , , , , , , , 
337920, , , , 1, 1024380, 0.9999482640641213, 2, 1024379, 0.9999472879143878, , , , , , , , , , , , , , , , , , , 
350208, , , , 1, 1024381, 0.9999492402138549, 1, 1024380, 0.9999482640641213, , , , , , , , , , , , , , , , , , , 
370688, , , , 1, 1024382, 0.9999502163635885, 1, 1024381, 0.9999492402138549, , , , , , , , , , , , , , , , , , , 
378880, , , , 1, 1024383, 0.999951192513322, 1, 1024382, 0.9999502163635885, , , , , , , , , , , , , , , , , , , 
387072, , , , 1, 1024384, 0.9999521686630556, 1, 1024383, 0.999951192513322, , , , , , , , , , , , , , , , , , , 
391168, , , , 1, 1024385, 0.9999531448127891, 1, 1024384, 0.9999521686630556, , , , 1, 1022965, 0.9999853369567342, 1, 1022965, 0.9999853369567342, , , , , , , , , , 
403456, , , , 1, 1024386, 0.9999541209625227, 1, 1024385, 0.9999531448127891, , , , , , , , , , , , , , , , , , , 
464896, , , , 1, 1024387, 0.9999550971122563, 1, 1024386, 0.9999541209625227, , , , , , , , , , , , , , , , , , , 
528384, , , , 1, 1024388, 0.9999560732619898, 1, 1024387, 0.9999550971122563, , , , , , , , , , , , , , , , , , , 
536576, , , , 1, 1024389, 0.9999570494117234, 1, 1024388, 0.9999560732619898, , , , , , , , , , , , , , , , , , , 
552960, , , , 1, 1024390, 0.999958025561457, 1, 1024389, 0.9999570494117234, , , , , , , , , , , , , , , , , , , 
577536, , , , , , , , , , , , , 1, 1022966, 0.9999863144929519, 1, 1022966, 0.9999863144929519, , , , , , , , , , 
618496, , , , 1, 1024391, 0.9999590017111905, 1, 1024390, 0.999958025561457, , , , , , , , , , , , , , , , , , , 
643072, , , , 1, 1024392, 0.999959977860924, 1, 1024391, 0.9999590017111905, , , , , , , , , , , , , , , , , , , 
700416, , , , 1, 1024393, 0.9999609540106577, 1, 1024392, 0.999959977860924, , , , , , , , , , , , , , , , , , , 
757760, , , , 1, 1024394, 0.9999619301603911, 1, 1024393, 0.9999609540106577, , , , , , , , , , , , , , , , , , , 
790528, , , , , , , , , , , , , 1, 1022967, 0.9999872920291697, 1, 1022967, 0.9999872920291697, , , , , , , , , , 
798720, , , , 1, 1024395, 0.9999629063101247, 1, 1024394, 0.9999619301603911, , , , , , , , , , , , , , , , , , , 
806912, , , , , , , , , , , , , 1, 1022968, 0.9999882695653874, 1, 1022968, 0.9999882695653874, , , , , , , , , , 
839680, , , , , , , , , , , , , 1, 1022969, 0.9999892471016051, 1, 1022969, 0.9999892471016051, , , , , , , , , , 
897024, , , , 1, 1024396, 0.9999638824598582, 1, 1024395, 0.9999629063101247, , , , , , , , , , , , , , , , , , , 
913408, , , , 1, 1024397, 0.9999648586095918, 1, 1024396, 0.9999638824598582, , , , , , , , , , , , , , , , , , , 
929792, , , , 1, 1024398, 0.9999658347593254, 1, 1024397, 0.9999648586095918, , , , 1, 1022970, 0.9999902246378228, 1, 1022970, 0.9999902246378228, , , , , , , , , , 
946176, , , , , , , , , , , , , 1, 1022971, 0.9999912021740406, 1, 1022971, 0.9999912021740406, , , , , , , , , , 
954368, , , , 1, 1024399, 0.9999668109090589, 1, 1024398, 0.9999658347593254, , , , 1, 1022972, 0.9999921797102582, 1, 1022972, 0.9999921797102582, , , , , , , , , , 
962560, , , , 1, 1024400, 0.9999677870587925, 1, 1024399, 0.9999668109090589, , , , , , , , , , , , , , , , , , , 
987136, , , , 1, 1024401, 0.9999687632085261, 1, 1024400, 0.9999677870587925, , , , , , , , , , , , , , , , , , , 
1011712, , , , , , , 1, 1024401, 0.9999687632085261, , , , , , , , , , , , , , , , , , , 
1073152, , , , 1, 1024402, 0.9999697393582596, 1, 1024402, 0.9999697393582596, , , , , , , , , , , , , , , , , , , 
1105920, , , , 3, 1024405, 0.9999726678074603, 3, 1024405, 0.9999726678074603, , , , 1, 1022973, 0.999993157246476, 1, 1022973, 0.999993157246476, , , , , , , , , , 
1122304, , , , 3, 1024408, 0.999975596256661, 3, 1024408, 0.999975596256661, , , , , , , , , , , , , , , , , , , 
1171456, , , , , , , , , , , , , 1, 1022974, 0.9999941347826937, 1, 1022974, 0.9999941347826937, , , , , , , , , , 
1286144, , , , 1, 1024409, 0.9999765724063946, 1, 1024409, 0.9999765724063946, , , , , , , , , , , , , , , , , , , 
1351680, , , , 1, 1024410, 0.9999775485561281, 1, 1024410, 0.9999775485561281, , , , , , , , , , , , , , , , , , , 
1466368, , , , 1, 1024411, 0.9999785247058617, 1, 1024411, 0.9999785247058617, , , , , , , , , , , , , , , , , , , 
1597440, , , , , , , , , , , , , 1, 1022975, 0.9999951123189114, 1, 1022975, 0.9999951123189114, , , , , , , , , , 
1613824, , , , 1, 1024412, 0.9999795008555953, 1, 1024412, 0.9999795008555953, , , , , , , , , , , , , , , , , , , 
1646592, , , , 1, 1024413, 0.9999804770053288, 1, 1024413, 0.9999804770053288, , , , , , , , , , , , , , , , , , , 
1662976, , , , 1, 1024414, 0.9999814531550624, 1, 1024414, 0.9999814531550624, , , , , , , , , , , , , , , , , , , 
1744896, , , , 1, 1024415, 0.999982429304796, 1, 1024415, 0.999982429304796, , , , , , , , , , , , , , , , , , , 
1761280, , , , 1, 1024416, 0.9999834054545295, 1, 1024416, 0.9999834054545295, , , , , , , , , , , , , , , , , , , 
1875968, , , , 1, 1024417, 0.9999843816042631, 1, 1024417, 0.9999843816042631, , , , , , , , , , , , , , , , , , , 
1892352, , , , 1, 1024418, 0.9999853577539966, 1, 1024418, 0.9999853577539966, , , , , , , , , , , , , , , , , , , 
1908736, , , , , , , , , , , , , 1, 1022976, 0.9999960898551291, 1, 1022976, 0.9999960898551291, , , , , , , , , , 
1957888, , , , , , , , , , , , , 2, 1022978, 0.9999980449275646, 2, 1022978, 0.9999980449275646, , , , , , , , , , 
2072576, , , , 1, 1024419, 0.9999863339037302, 1, 1024419, 0.9999863339037302, , , , , , , , , , , , , , , , , , , 
2088960, , , , 1, 1024420, 0.9999873100534638, 1, 1024420, 0.9999873100534638, , , , , , , , , , , , , , , , , , , 
2408448, , , , 2, 1024422, 0.9999892623529308, 2, 1024422, 0.9999892623529308, , , , , , , , , , , , , , , , , , , 
2473984, , , , 1, 1024423, 0.9999902385026644, 1, 1024423, 0.9999902385026644, , , , , , , , , , , , , , , , , , , 
2637824, , , , 1, 1024424, 0.9999912146523979, 1, 1024424, 0.9999912146523979, , , , , , , , , , , , , , , , , , , 
2670592, , , , 1, 1024425, 0.9999921908021315, 1, 1024425, 0.9999921908021315, , , , , , , , , , , , , , , , , , , 
2834432, , , , 1, 1024426, 0.9999931669518651, 1, 1024426, 0.9999931669518651, , , , , , , , , , , , , , , , , , , 
2932736, , , , 1, 1024427, 0.9999941431015986, 1, 1024427, 0.9999941431015986, , , , , , , , , , , , , , , , , , , 
3031040, , , , 1, 1024428, 0.9999951192513322, 1, 1024428, 0.9999951192513322, , , , , , , , , , , , , , , , , , , 
3063808, , , , , , , , , , , , , 1, 1022979, 0.9999990224637823, 1, 1022979, 0.9999990224637823, , , , , , , , , , 
3129344, , , , 1, 1024429, 0.9999960954010657, 1, 1024429, 0.9999960954010657, , , , , , , , , , , , , , , , , , , 
3194880, , , , 1, 1024430, 0.9999970715507993, 1, 1024430, 0.9999970715507993, , , , , , , , , , , , , , , , , , , 
3293184, , , , 1, 1024431, 0.9999980477005329, 1, 1024431, 0.9999980477005329, , , , , , , , , , , , , , , , , , , 
4423680, , , , , , , , , , , , , 1, 1022980, 1.0, 1, 1022980, 1.0, , , , , , , , , , 
4489216, , , , 1, 1024432, 0.9999990238502664, 1, 1024432, 0.9999990238502664, , , , , , , , , , , , , , , , , , , 
5996544, , , , 1, 1024433, 1.0, 1, 1024433, 1.0, , , , , , , , , , , , , , , , , , , 
